log_filename,with_data,log_loading_and_parsing_ms,log_indexing_ms,n_traces,n_acts,log_trace_average_length,log_trace_variance,most_frequent_trace_length,trace_length_frequency,atomization_conf,model_filename,queries_plan,operators_version,model_parsing_ms,model_size,model_data_decomposition_time,model_atomization_time,model_declare_to_ltlf,model_ltlf_query_time,is_multithreaded,no_threads,,type,log_size,query,execution_time
/mnt/c/Users/Sam/Documents/Repositories/Codebases/knobab/data/testing/hospital/10/Hospital_Log_10.xes,F,168.39,2.8216,10,26,1.18576e-321,0,0,224,/mnt/c/Users/Sam/Documents/Repositories/Codebases/knobab/scripts/maxsat_pipeline.yaml,Response25,marking,FastOperator_v1,0,25,0.0504,1.0031,3.9224,12.5366,No,1,,SQLMiner,10,Response25,7.288
/mnt/c/Users/Sam/Documents/Repositories/Codebases/knobab/data/testing/hospital/10/Hospital_Log_10.xes,F,246.742,3.5903,10,26,1.18576e-321,0,0,224,/mnt/c/Users/Sam/Documents/Repositories/Codebases/knobab/scripts/maxsat_pipeline.yaml,Response25,marking,FastOperator_v1,0,25,0.1176,0.0184,5.2512,13.3717,No,1,,SQLMiner,10,Response25,7.09
/mnt/c/Users/Sam/Documents/Repositories/Codebases/knobab/data/testing/hospital/10/Hospital_Log_10.xes,F,264.012,3.3556,10,26,1.18576e-321,0,0,224,/mnt/c/Users/Sam/Documents/Repositories/Codebases/knobab/scripts/maxsat_pipeline.yaml,Response25,marking,FastOperator_v1,0,25,0.129,0.0415,7.2115,16.8542,No,1,,SQLMiner,10,Response25,7.05
/mnt/c/Users/Sam/Documents/Repositories/Codebases/knobab/data/testing/hospital/10/Hospital_Log_10.xes,F,169.023,3.606,10,26,1.18576e-321,0,0,224,/mnt/c/Users/Sam/Documents/Repositories/Codebases/knobab/scripts/maxsat_pipeline.yaml,Response25,marking,FastOperator_v1,0,25,0.0655,0.0143,4.5639,11.8017,No,1,,SQLMiner,10,Response25,7.228
/mnt/c/Users/Sam/Documents/Repositories/Codebases/knobab/data/testing/hospital/10/Hospital_Log_10.xes,F,170.452,3.4613,10,26,1.18576e-321,0,0,224,/mnt/c/Users/Sam/Documents/Repositories/Codebases/knobab/scripts/maxsat_pipeline.yaml,Response25,marking,FastOperator_v1,0,25,0.095,0.0228,5.3446,13.1087,No,1,,SQLMiner,10,Response25,6.804
/mnt/c/Users/Sam/Documents/Repositories/Codebases/knobab/data/testing/hospital/100/Hospital_Log_100.xes,F,363.108,15.0191,100,26,1.18576e-321,0,0,224,/mnt/c/Users/Sam/Documents/Repositories/Codebases/knobab/scripts/maxsat_pipeline.yaml,Response25,marking,FastOperator_v1,0,25,0.1338,0.6942,9.1283,34.6853,No,1,,SQLMiner,100,Response25,59.488
/mnt/c/Users/Sam/Documents/Repositories/Codebases/knobab/data/testing/hospital/100/Hospital_Log_100.xes,F,414.336,13.7411,100,26,1.18576e-321,0,0,224,/mnt/c/Users/Sam/Documents/Repositories/Codebases/knobab/scripts/maxsat_pipeline.yaml,Response25,marking,FastOperator_v1,0,25,0.1239,0.0129,8.851,29.4755,No,1,,SQLMiner,100,Response25,57.867
/mnt/c/Users/Sam/Documents/Repositories/Codebases/knobab/data/testing/hospital/100/Hospital_Log_100.xes,F,327.366,13.4238,100,26,1.18576e-321,0,0,224,/mnt/c/Users/Sam/Documents/Repositories/Codebases/knobab/scripts/maxsat_pipeline.yaml,Response25,marking,FastOperator_v1,0,25,0.2303,0.0443,6.7428,31.0393,No,1,,SQLMiner,100,Response25,57.114
/mnt/c/Users/Sam/Documents/Repositories/Codebases/knobab/data/testing/hospital/100/Hospital_Log_100.xes,F,327.56,15.9611,100,26,1.18576e-321,0,0,224,/mnt/c/Users/Sam/Documents/Repositories/Codebases/knobab/scripts/maxsat_pipeline.yaml,Response25,marking,FastOperator_v1,0,25,0.1128,0.012,8.7348,36.0439,No,1,,SQLMiner,100,Response25,57.115
/mnt/c/Users/Sam/Documents/Repositories/Codebases/knobab/data/testing/hospital/100/Hospital_Log_100.xes,F,334.384,15.3826,100,26,1.18576e-321,0,0,224,/mnt/c/Users/Sam/Documents/Repositories/Codebases/knobab/scripts/maxsat_pipeline.yaml,Response25,marking,FastOperator_v1,0,25,0.1454,0.0132,8.4838,41.0679,No,1,,SQLMiner,100,Response25,57.494
/mnt/c/Users/Sam/Documents/Repositories/Codebases/knobab/data/testing/hospital/1000/Hospital_Log_1000.xes,F,2617.56,152.98,1000,28,1.18576e-321,0,0,224,/mnt/c/Users/Sam/Documents/Repositories/Codebases/knobab/scripts/maxsat_pipeline.yaml,Response25,marking,FastOperator_v1,0,25,0.4035,1.546,18.9589,371.591,No,1,,SQLMiner,1000,Response25,850.329
/mnt/c/Users/Sam/Documents/Repositories/Codebases/knobab/data/testing/hospital/1000/Hospital_Log_1000.xes,F,1996.36,134.592,1000,28,1.18576e-321,0,0,224,/mnt/c/Users/Sam/Documents/Repositories/Codebases/knobab/scripts/maxsat_pipeline.yaml,Response25,marking,FastOperator_v1,0,25,0.4018,0.0283,19.1663,333.16,No,1,,SQLMiner,1000,Response25,715.906
/mnt/c/Users/Sam/Documents/Repositories/Codebases/knobab/data/testing/hospital/1000/Hospital_Log_1000.xes,F,1856.37,131.023,1000,28,1.18576e-321,0,0,224,/mnt/c/Users/Sam/Documents/Repositories/Codebases/knobab/scripts/maxsat_pipeline.yaml,Response25,marking,FastOperator_v1,0,25,0.423,0.012,16.2305,347.606,No,1,,SQLMiner,1000,Response25,717.566
/mnt/c/Users/Sam/Documents/Repositories/Codebases/knobab/data/testing/hospital/1000/Hospital_Log_1000.xes,F,1849.17,144.351,1000,28,1.18576e-321,0,0,224,/mnt/c/Users/Sam/Documents/Repositories/Codebases/knobab/scripts/maxsat_pipeline.yaml,Response25,marking,FastOperator_v1,0,25,0.2173,0.0127,17.2752,319.267,No,1,,SQLMiner,1000,Response25,707.217
/mnt/c/Users/Sam/Documents/Repositories/Codebases/knobab/data/testing/hospital/1000/Hospital_Log_1000.xes,F,1900.31,136.839,1000,28,1.18576e-321,0,0,224,/mnt/c/Users/Sam/Documents/Repositories/Codebases/knobab/scripts/maxsat_pipeline.yaml,Response25,marking,FastOperator_v1,0,25,0.208,0.059,16.4914,313.922,No,1,,SQLMiner,1000,Response25,716.242
/mnt/c/Users/Sam/Documents/Repositories/Codebases/knobab/data/testing/hospital/10/Hospital_Log_10.xes,F,174.004,2.7351,10,26,1.18576e-321,0,0,224,/mnt/c/Users/Sam/Documents/Repositories/Codebases/knobab/scripts/support_pipeline.yaml,Response25,marking,FastOperator_v1,0,25,0.0537,0.828,3.9897,12.4358,No,1,,SQLMiner + TraceInfo,10,Response25,565.229
/mnt/c/Users/Sam/Documents/Repositories/Codebases/knobab/data/testing/hospital/10/Hospital_Log_10.xes,F,249.334,3.3714,10,26,1.18576e-321,0,0,224,/mnt/c/Users/Sam/Documents/Repositories/Codebases/knobab/scripts/support_pipeline.yaml,Response25,marking,FastOperator_v1,0,25,0.0757,0.0135,5.2082,14.1556,No,1,,SQLMiner + TraceInfo,10,Response25,562.478
/mnt/c/Users/Sam/Documents/Repositories/Codebases/knobab/data/testing/hospital/10/Hospital_Log_10.xes,F,235.814,4.0037,10,26,1.18576e-321,0,0,224,/mnt/c/Users/Sam/Documents/Repositories/Codebases/knobab/scripts/support_pipeline.yaml,Response25,marking,FastOperator_v1,0,25,0.1041,0.0234,7.0545,16.0107,No,1,,SQLMiner + TraceInfo,10,Response25,558.039
/mnt/c/Users/Sam/Documents/Repositories/Codebases/knobab/data/testing/hospital/10/Hospital_Log_10.xes,F,204.462,5.0147,10,26,1.18576e-321,0,0,224,/mnt/c/Users/Sam/Documents/Repositories/Codebases/knobab/scripts/support_pipeline.yaml,Response25,marking,FastOperator_v1,0,25,0.0693,0.0134,4.4283,12.6102,No,1,,SQLMiner + TraceInfo,10,Response25,560.732
/mnt/c/Users/Sam/Documents/Repositories/Codebases/knobab/data/testing/hospital/10/Hospital_Log_10.xes,F,199.341,2.9512,10,26,1.18576e-321,0,0,224,/mnt/c/Users/Sam/Documents/Repositories/Codebases/knobab/scripts/support_pipeline.yaml,Response25,marking,FastOperator_v1,0,25,0.1,0.0373,4.8713,12.3394,No,1,,SQLMiner + TraceInfo,10,Response25,555.659
/mnt/c/Users/Sam/Documents/Repositories/Codebases/knobab/data/testing/hospital/100/Hospital_Log_100.xes,F,360.236,15.1531,100,26,1.18576e-321,0,0,224,/mnt/c/Users/Sam/Documents/Repositories/Codebases/knobab/scripts/support_pipeline.yaml,Response25,marking,FastOperator_v1,0,25,0.1497,1.1359,12.7927,36.1559,No,1,,SQLMiner + TraceInfo,100,Response25,7298.855
/mnt/c/Users/Sam/Documents/Repositories/Codebases/knobab/data/testing/hospital/100/Hospital_Log_100.xes,F,425.638,14.162,100,26,1.18576e-321,0,0,224,/mnt/c/Users/Sam/Documents/Repositories/Codebases/knobab/scripts/support_pipeline.yaml,Response25,marking,FastOperator_v1,0,25,0.1124,0.013,7.7403,35.4372,No,1,,SQLMiner + TraceInfo,100,Response25,7002.113
/mnt/c/Users/Sam/Documents/Repositories/Codebases/knobab/data/testing/hospital/100/Hospital_Log_100.xes,F,367.973,14.753,100,26,1.18576e-321,0,0,224,/mnt/c/Users/Sam/Documents/Repositories/Codebases/knobab/scripts/support_pipeline.yaml,Response25,marking,FastOperator_v1,0,25,0.133,0.0141,8.3177,33.9739,No,1,,SQLMiner + TraceInfo,100,Response25,6959.111
/mnt/c/Users/Sam/Documents/Repositories/Codebases/knobab/data/testing/hospital/100/Hospital_Log_100.xes,F,307.276,18.1959,100,26,1.18576e-321,0,0,224,/mnt/c/Users/Sam/Documents/Repositories/Codebases/knobab/scripts/support_pipeline.yaml,Response25,marking,FastOperator_v1,0,25,0.146,0.0136,8.4312,38.4512,No,1,,SQLMiner + TraceInfo,100,Response25,6961.416
/mnt/c/Users/Sam/Documents/Repositories/Codebases/knobab/data/testing/hospital/100/Hospital_Log_100.xes,F,381.881,24.301,100,26,1.18576e-321,0,0,224,/mnt/c/Users/Sam/Documents/Repositories/Codebases/knobab/scripts/support_pipeline.yaml,Response25,marking,FastOperator_v1,0,25,0.1644,0.0131,8.5684,34.6965,No,1,,SQLMiner + TraceInfo,100,Response25,7153.404
/mnt/c/Users/Sam/Documents/Repositories/Codebases/knobab/data/testing/hospital/1000/Hospital_Log_1000.xes,F,2454.57,177.043,1000,28,1.18576e-321,0,0,224,/mnt/c/Users/Sam/Documents/Repositories/Codebases/knobab/scripts/support_pipeline.yaml,Response25,marking,FastOperator_v1,0,25,0.2742,0.8418,19.5472,357.37,No,1,,SQLMiner + TraceInfo,1000,Response25,834937.479
/mnt/c/Users/Sam/Documents/Repositories/Codebases/knobab/data/testing/hospital/1000/Hospital_Log_1000.xes,F,2172.86,147.498,1000,28,1.18576e-321,0,0,224,/mnt/c/Users/Sam/Documents/Repositories/Codebases/knobab/scripts/support_pipeline.yaml,Response25,marking,FastOperator_v1,0,25,0.3378,0.0371,17.9763,344.239,No,1,,SQLMiner + TraceInfo,1000,Response25,826778.091
/mnt/c/Users/Sam/Documents/Repositories/Codebases/knobab/data/testing/hospital/1000/Hospital_Log_1000.xes,F,1989.84,130.506,1000,28,1.18576e-321,0,0,224,/mnt/c/Users/Sam/Documents/Repositories/Codebases/knobab/scripts/support_pipeline.yaml,Response25,marking,FastOperator_v1,0,25,0.2218,0.0349,16.4304,312.039,No,1,,SQLMiner + TraceInfo,1000,Response25,859065.3
/mnt/c/Users/Sam/Documents/Repositories/Codebases/knobab/data/testing/hospital/1000/Hospital_Log_1000.xes,F,1980.17,129.239,1000,28,1.18576e-321,0,0,224,/mnt/c/Users/Sam/Documents/Repositories/Codebases/knobab/scripts/support_pipeline.yaml,Response25,marking,FastOperator_v1,0,25,0.2606,0.013,16.2774,306.084,No,1,,SQLMiner + TraceInfo,1000,Response25,824610.586
/mnt/c/Users/Sam/Documents/Repositories/Codebases/knobab/data/testing/hospital/1000/Hospital_Log_1000.xes,F,2163.53,140.488,1000,28,1.18576e-321,0,0,224,/mnt/c/Users/Sam/Documents/Repositories/Codebases/knobab/scripts/support_pipeline.yaml,Response25,marking,FastOperator_v1,0,25,0.2461,0.0114,16.7921,373.2,No,1,,SQLMiner + TraceInfo,1000,Response25,842840.566
/mnt/c/Users/Sam/Documents/Repositories/Codebases/knobab/data/testing/hospital/10/Hospital_Log_10.xes,F,245.665,2.9327,10,26,1.18576e-321,0,0,224,/mnt/c/Users/Sam/Documents/Repositories/Codebases/knobab/scripts/maxsat_pipeline.yaml,AltResponse25,marking,FastOperator_v1,0,25,0.0788,1.5958,7.4323,26.3191,No,1,,SQLMiner,10,AlternateResponse25,5826.996
/mnt/c/Users/Sam/Documents/Repositories/Codebases/knobab/data/testing/hospital/10/Hospital_Log_10.xes,F,315.816,6.6212,10,26,1.18576e-321,0,0,224,/mnt/c/Users/Sam/Documents/Repositories/Codebases/knobab/scripts/maxsat_pipeline.yaml,AltResponse25,marking,FastOperator_v1,0,25,0.0787,0.0173,17.3261,42.0066,No,1,,SQLMiner,10,AlternateResponse25,5837.454
/mnt/c/Users/Sam/Documents/Repositories/Codebases/knobab/data/testing/hospital/10/Hospital_Log_10.xes,F,174.659,3.2897,10,26,1.18576e-321,0,0,224,/mnt/c/Users/Sam/Documents/Repositories/Codebases/knobab/scripts/maxsat_pipeline.yaml,AltResponse25,marking,FastOperator_v1,0,25,0.0886,0.0189,8.814,31.309,No,1,,SQLMiner,10,AlternateResponse25,5778.92
/mnt/c/Users/Sam/Documents/Repositories/Codebases/knobab/data/testing/hospital/10/Hospital_Log_10.xes,F,165.288,3.8822,10,26,1.18576e-321,0,0,224,/mnt/c/Users/Sam/Documents/Repositories/Codebases/knobab/scripts/maxsat_pipeline.yaml,AltResponse25,marking,FastOperator_v1,0,25,0.0819,0.0143,9.4166,28.3371,No,1,,SQLMiner,10,AlternateResponse25,5764.66
/mnt/c/Users/Sam/Documents/Repositories/Codebases/knobab/data/testing/hospital/10/Hospital_Log_10.xes,F,162.735,5.4622,10,26,1.18576e-321,0,0,224,/mnt/c/Users/Sam/Documents/Repositories/Codebases/knobab/scripts/maxsat_pipeline.yaml,AltResponse25,marking,FastOperator_v1,0,25,0.0822,0.0153,8.6229,29.8641,No,1,,SQLMiner,10,AlternateResponse25,6157.328
/mnt/c/Users/Sam/Documents/Repositories/Codebases/knobab/data/testing/hospital/100/Hospital_Log_100.xes,F,471.307,16.1882,100,26,1.18576e-321,0,0,224,/mnt/c/Users/Sam/Documents/Repositories/Codebases/knobab/scripts/maxsat_pipeline.yaml,AltResponse25,marking,FastOperator_v1,0,25,0.1558,1.0276,16.3293,2386.19,No,1,,SQLMiner,100,AlternateResponse25,247944.007
/mnt/c/Users/Sam/Documents/Repositories/Codebases/knobab/data/testing/hospital/100/Hospital_Log_100.xes,F,343.509,15.0512,100,26,1.18576e-321,0,0,224,/mnt/c/Users/Sam/Documents/Repositories/Codebases/knobab/scripts/maxsat_pipeline.yaml,AltResponse25,marking,FastOperator_v1,0,25,0.2024,0.0133,16.1255,2060.34,No,1,,SQLMiner,100,AlternateResponse25,233360.83
/mnt/c/Users/Sam/Documents/Repositories/Codebases/knobab/data/testing/hospital/100/Hospital_Log_100.xes,F,315.5,13.3812,100,26,1.18576e-321,0,0,224,/mnt/c/Users/Sam/Documents/Repositories/Codebases/knobab/scripts/maxsat_pipeline.yaml,AltResponse25,marking,FastOperator_v1,0,25,0.1671,0.0558,13.264,1927.44,No,1,,SQLMiner,100,AlternateResponse25,206553.589
/mnt/c/Users/Sam/Documents/Repositories/Codebases/knobab/data/testing/hospital/100/Hospital_Log_100.xes,F,295.784,13.2949,100,26,1.18576e-321,0,0,224,/mnt/c/Users/Sam/Documents/Repositories/Codebases/knobab/scripts/maxsat_pipeline.yaml,AltResponse25,marking,FastOperator_v1,0,25,0.1569,0.0125,13.6171,1949.28,No,1,,SQLMiner,100,AlternateResponse25,207405.836
/mnt/c/Users/Sam/Documents/Repositories/Codebases/knobab/data/testing/hospital/100/Hospital_Log_100.xes,F,282.855,13.0452,100,26,1.18576e-321,0,0,224,/mnt/c/Users/Sam/Documents/Repositories/Codebases/knobab/scripts/maxsat_pipeline.yaml,AltResponse25,marking,FastOperator_v1,0,25,0.1588,0.0128,13.8454,1958.2,No,1,,SQLMiner,100,AlternateResponse25,195359.402
/mnt/c/Users/Sam/Documents/Repositories/Codebases/knobab/data/testing/hospital/1000/Hospital_Log_1000.xes,F,3108.2,176.582,1000,28,1.18576e-321,0,0,224,/mnt/c/Users/Sam/Documents/Repositories/Codebases/knobab/scripts/maxsat_pipeline.yaml,AltResponse25,marking,FastOperator_v1,0,25,0.2755,1.4995,36.8827,11031.3,No,1,,SQLMiner,1000,AlternateResponse25,MEM_FAIL
/mnt/c/Users/Sam/Documents/Repositories/Codebases/knobab/data/testing/hospital/1000/Hospital_Log_1000.xes,F,1984.43,125.739,1000,28,1.18576e-321,0,0,224,/mnt/c/Users/Sam/Documents/Repositories/Codebases/knobab/scripts/maxsat_pipeline.yaml,AltResponse25,marking,FastOperator_v1,0,25,0.3579,0.0126,30.2432,10922.5,No,1,,SQLMiner,1000,AlternateResponse25,MEM_FAIL
/mnt/c/Users/Sam/Documents/Repositories/Codebases/knobab/data/testing/hospital/1000/Hospital_Log_1000.xes,F,2351.22,147.584,1000,28,1.18576e-321,0,0,224,/mnt/c/Users/Sam/Documents/Repositories/Codebases/knobab/scripts/maxsat_pipeline.yaml,AltResponse25,marking,FastOperator_v1,0,25,0.2027,0.0122,31.0115,10830.9,No,1,,SQLMiner,1000,AlternateResponse25,MEM_FAIL
/mnt/c/Users/Sam/Documents/Repositories/Codebases/knobab/data/testing/hospital/1000/Hospital_Log_1000.xes,F,2018.92,128.416,1000,28,1.18576e-321,0,0,224,/mnt/c/Users/Sam/Documents/Repositories/Codebases/knobab/scripts/maxsat_pipeline.yaml,AltResponse25,marking,FastOperator_v1,0,25,0.3802,0.0152,30.3909,10829.5,No,1,,SQLMiner,1000,AlternateResponse25,MEM_FAIL
/mnt/c/Users/Sam/Documents/Repositories/Codebases/knobab/data/testing/hospital/1000/Hospital_Log_1000.xes,F,2101.17,131.499,1000,28,1.18576e-321,0,0,224,/mnt/c/Users/Sam/Documents/Repositories/Codebases/knobab/scripts/maxsat_pipeline.yaml,AltResponse25,marking,FastOperator_v1,0,25,0.3817,0.0345,30.3997,11134.6,No,1,,SQLMiner,1000,AlternateResponse25,MEM_FAIL
/mnt/c/Users/Sam/Documents/Repositories/Codebases/knobab/data/testing/hospital/10/Hospital_Log_10.xes,F,172.91,2.7437,10,26,1.18576e-321,0,0,224,/mnt/c/Users/Sam/Documents/Repositories/Codebases/knobab/scripts/support_pipeline.yaml,AltResponse25,marking,FastOperator_v1,0,25,0.0662,1.0156,7.5982,35.817,No,1,,SQLMiner + TraceInfo,10,AlternateResponse25,1078.759
/mnt/c/Users/Sam/Documents/Repositories/Codebases/knobab/data/testing/hospital/10/Hospital_Log_10.xes,F,233.31,3.4832,10,26,1.18576e-321,0,0,224,/mnt/c/Users/Sam/Documents/Repositories/Codebases/knobab/scripts/support_pipeline.yaml,AltResponse25,marking,FastOperator_v1,0,25,0.0832,0.0139,9.2374,31.2208,No,1,,SQLMiner + TraceInfo,10,AlternateResponse25,1072.771
/mnt/c/Users/Sam/Documents/Repositories/Codebases/knobab/data/testing/hospital/10/Hospital_Log_10.xes,F,218.667,3.6933,10,26,1.18576e-321,0,0,224,/mnt/c/Users/Sam/Documents/Repositories/Codebases/knobab/scripts/support_pipeline.yaml,AltResponse25,marking,FastOperator_v1,0,25,0.0895,0.0148,10.0439,32.7927,No,1,,SQLMiner + TraceInfo,10,AlternateResponse25,1070.734
/mnt/c/Users/Sam/Documents/Repositories/Codebases/knobab/data/testing/hospital/10/Hospital_Log_10.xes,F,193.002,3.7845,10,26,1.18576e-321,0,0,224,/mnt/c/Users/Sam/Documents/Repositories/Codebases/knobab/scripts/support_pipeline.yaml,AltResponse25,marking,FastOperator_v1,0,25,0.0876,0.0166,8.4938,29.2008,No,1,,SQLMiner + TraceInfo,10,AlternateResponse25,1073.07
/mnt/c/Users/Sam/Documents/Repositories/Codebases/knobab/data/testing/hospital/10/Hospital_Log_10.xes,F,175.439,3.7724,10,26,1.18576e-321,0,0,224,/mnt/c/Users/Sam/Documents/Repositories/Codebases/knobab/scripts/support_pipeline.yaml,AltResponse25,marking,FastOperator_v1,0,25,0.1009,0.0138,8.3348,26.9778,No,1,,SQLMiner + TraceInfo,10,AlternateResponse25,1060.954
/mnt/c/Users/Sam/Documents/Repositories/Codebases/knobab/data/testing/hospital/100/Hospital_Log_100.xes,F,445.894,34.8844,100,26,1.18576e-321,0,0,224,/mnt/c/Users/Sam/Documents/Repositories/Codebases/knobab/scripts/support_pipeline.yaml,AltResponse25,marking,FastOperator_v1,0,25,0.3586,0.7932,36.6834,2448.23,No,1,,SQLMiner + TraceInfo,100,AlternateResponse25,180649.334
/mnt/c/Users/Sam/Documents/Repositories/Codebases/knobab/data/testing/hospital/100/Hospital_Log_100.xes,F,333.062,15.1928,100,26,1.18576e-321,0,0,224,/mnt/c/Users/Sam/Documents/Repositories/Codebases/knobab/scripts/support_pipeline.yaml,AltResponse25,marking,FastOperator_v1,0,25,0.1175,0.0123,14.6312,2149.76,No,1,,SQLMiner + TraceInfo,100,AlternateResponse25,195511.992
/mnt/c/Users/Sam/Documents/Repositories/Codebases/knobab/data/testing/hospital/100/Hospital_Log_100.xes,F,309.192,14.9596,100,26,1.18576e-321,0,0,224,/mnt/c/Users/Sam/Documents/Repositories/Codebases/knobab/scripts/support_pipeline.yaml,AltResponse25,marking,FastOperator_v1,0,25,0.1385,0.0127,13.0138,1915.52,No,1,,SQLMiner + TraceInfo,100,AlternateResponse25,197780.378
/mnt/c/Users/Sam/Documents/Repositories/Codebases/knobab/data/testing/hospital/100/Hospital_Log_100.xes,F,290.421,12.7329,100,26,1.18576e-321,0,0,224,/mnt/c/Users/Sam/Documents/Repositories/Codebases/knobab/scripts/support_pipeline.yaml,AltResponse25,marking,FastOperator_v1,0,25,0.0955,0.0285,13.177,1994.85,No,1,,SQLMiner + TraceInfo,100,AlternateResponse25,217901.348
/mnt/c/Users/Sam/Documents/Repositories/Codebases/knobab/data/testing/hospital/100/Hospital_Log_100.xes,F,311.828,12.5967,100,26,1.18576e-321,0,0,224,/mnt/c/Users/Sam/Documents/Repositories/Codebases/knobab/scripts/support_pipeline.yaml,AltResponse25,marking,FastOperator_v1,0,25,0.1307,0.0124,13.0457,2101.58,No,1,,SQLMiner + TraceInfo,100,AlternateResponse25,203635.576
/mnt/c/Users/Sam/Documents/Repositories/Codebases/knobab/data/testing/hospital/1000/Hospital_Log_1000.xes,F,2596.63,182.863,1000,28,1.18576e-321,0,0,224,/mnt/c/Users/Sam/Documents/Repositories/Codebases/knobab/scripts/support_pipeline.yaml,AltResponse25,marking,FastOperator_v1,0,25,0.3673,1.3564,36.4821,11205.4,No,1,,SQLMiner + TraceInfo,1000,AlternateResponse25,
/mnt/c/Users/Sam/Documents/Repositories/Codebases/knobab/data/testing/hospital/1000/Hospital_Log_1000.xes,F,2008.49,129.851,1000,28,1.18576e-321,0,0,224,/mnt/c/Users/Sam/Documents/Repositories/Codebases/knobab/scripts/support_pipeline.yaml,AltResponse25,marking,FastOperator_v1,0,25,0.3593,0.0411,31.24,10914.6,No,1,,SQLMiner + TraceInfo,1000,AlternateResponse25,
/mnt/c/Users/Sam/Documents/Repositories/Codebases/knobab/data/testing/hospital/1000/Hospital_Log_1000.xes,F,1868.4,130.197,1000,28,1.18576e-321,0,0,224,/mnt/c/Users/Sam/Documents/Repositories/Codebases/knobab/scripts/support_pipeline.yaml,AltResponse25,marking,FastOperator_v1,0,25,0.3255,0.0144,29.7831,11016.3,No,1,,SQLMiner + TraceInfo,1000,AlternateResponse25,
/mnt/c/Users/Sam/Documents/Repositories/Codebases/knobab/data/testing/hospital/1000/Hospital_Log_1000.xes,F,1896.35,129.604,1000,28,1.18576e-321,0,0,224,/mnt/c/Users/Sam/Documents/Repositories/Codebases/knobab/scripts/support_pipeline.yaml,AltResponse25,marking,FastOperator_v1,0,25,0.4716,0.0141,29.8098,11815.2,No,1,,SQLMiner + TraceInfo,1000,AlternateResponse25,
/mnt/c/Users/Sam/Documents/Repositories/Codebases/knobab/data/testing/hospital/1000/Hospital_Log_1000.xes,F,2471.83,152.115,1000,28,1.18576e-321,0,0,224,/mnt/c/Users/Sam/Documents/Repositories/Codebases/knobab/scripts/support_pipeline.yaml,AltResponse25,marking,FastOperator_v1,0,25,0.2917,0.0127,29.9213,11331.6,No,1,,SQLMiner + TraceInfo,1000,AlternateResponse25,
/mnt/c/Users/Sam/Documents/Repositories/Codebases/knobab/data/testing/hospital/10/Hospital_Log_10.xes,F,168.644,2.7459,10,26,1.18576e-321,0,0,224,/mnt/c/Users/Sam/Documents/Repositories/Codebases/knobab/scripts/maxsat_pipeline.yaml,ChainResponse25,marking,FastOperator_v1,0,25,0.0495,0.6242,4.2229,3.1517,No,1,,SQLMiner,10,ChainResponse25,6296.485
/mnt/c/Users/Sam/Documents/Repositories/Codebases/knobab/data/testing/hospital/10/Hospital_Log_10.xes,F,280.115,3.8017,10,26,1.18576e-321,0,0,224,/mnt/c/Users/Sam/Documents/Repositories/Codebases/knobab/scripts/maxsat_pipeline.yaml,ChainResponse25,marking,FastOperator_v1,0,25,0.1137,0.0267,5.0434,3.3775,No,1,,SQLMiner,10,ChainResponse25,6478.606
/mnt/c/Users/Sam/Documents/Repositories/Codebases/knobab/data/testing/hospital/10/Hospital_Log_10.xes,F,229.907,3.7707,10,26,1.18576e-321,0,0,224,/mnt/c/Users/Sam/Documents/Repositories/Codebases/knobab/scripts/maxsat_pipeline.yaml,ChainResponse25,marking,FastOperator_v1,0,25,0.0827,0.0279,4.964,3.3667,No,1,,SQLMiner,10,ChainResponse25,6460.206
/mnt/c/Users/Sam/Documents/Repositories/Codebases/knobab/data/testing/hospital/10/Hospital_Log_10.xes,F,213.121,3.8201,10,26,1.18576e-321,0,0,224,/mnt/c/Users/Sam/Documents/Repositories/Codebases/knobab/scripts/maxsat_pipeline.yaml,ChainResponse25,marking,FastOperator_v1,0,25,0.0966,0.025,4.836,3.4179,No,1,,SQLMiner,10,ChainResponse25,6552.798
/mnt/c/Users/Sam/Documents/Repositories/Codebases/knobab/data/testing/hospital/10/Hospital_Log_10.xes,F,184.429,3.0459,10,26,1.18576e-321,0,0,224,/mnt/c/Users/Sam/Documents/Repositories/Codebases/knobab/scripts/maxsat_pipeline.yaml,ChainResponse25,marking,FastOperator_v1,0,25,0.0622,0.0142,4.2213,2.8419,No,1,,SQLMiner,10,ChainResponse25,6523.749
/mnt/c/Users/Sam/Documents/Repositories/Codebases/knobab/data/testing/hospital/100/Hospital_Log_100.xes,F,346.971,13.7985,100,26,1.18576e-321,0,0,224,/mnt/c/Users/Sam/Documents/Repositories/Codebases/knobab/scripts/maxsat_pipeline.yaml,ChainResponse25,marking,FastOperator_v1,0,25,0.1343,0.9493,9.2444,14.8342,No,1,,SQLMiner,100,ChainResponse25,110278.889
/mnt/c/Users/Sam/Documents/Repositories/Codebases/knobab/data/testing/hospital/100/Hospital_Log_100.xes,F,406.681,13.4955,100,26,1.18576e-321,0,0,224,/mnt/c/Users/Sam/Documents/Repositories/Codebases/knobab/scripts/maxsat_pipeline.yaml,ChainResponse25,marking,FastOperator_v1,0,25,0.1132,0.0126,8.3252,12.6324,No,1,,SQLMiner,100,ChainResponse25,108462.235
/mnt/c/Users/Sam/Documents/Repositories/Codebases/knobab/data/testing/hospital/100/Hospital_Log_100.xes,F,335.652,12.563,100,26,1.18576e-321,0,0,224,/mnt/c/Users/Sam/Documents/Repositories/Codebases/knobab/scripts/maxsat_pipeline.yaml,ChainResponse25,marking,FastOperator_v1,0,25,0.1644,0.0126,7.8632,15.5225,No,1,,SQLMiner,100,ChainResponse25,109376.353
/mnt/c/Users/Sam/Documents/Repositories/Codebases/knobab/data/testing/hospital/100/Hospital_Log_100.xes,F,324.506,16.671,100,26,1.18576e-321,0,0,224,/mnt/c/Users/Sam/Documents/Repositories/Codebases/knobab/scripts/maxsat_pipeline.yaml,ChainResponse25,marking,FastOperator_v1,0,25,0.1965,0.0121,8.2941,17.2033,No,1,,SQLMiner,100,ChainResponse25,108670.507
/mnt/c/Users/Sam/Documents/Repositories/Codebases/knobab/data/testing/hospital/100/Hospital_Log_100.xes,F,349.345,12.9729,100,26,1.18576e-321,0,0,224,/mnt/c/Users/Sam/Documents/Repositories/Codebases/knobab/scripts/maxsat_pipeline.yaml,ChainResponse25,marking,FastOperator_v1,0,25,0.1716,0.0131,7.3997,16.1698,No,1,,SQLMiner,100,ChainResponse25,109086.977
/mnt/c/Users/Sam/Documents/Repositories/Codebases/knobab/data/testing/hospital/1000/Hospital_Log_1000.xes,F,2603.38,184.75,1000,28,1.18576e-321,0,0,224,/mnt/c/Users/Sam/Documents/Repositories/Codebases/knobab/scripts/maxsat_pipeline.yaml,ChainResponse25,marking,FastOperator_v1,0,25,0.423,1.2129,19.9616,175.936,No,1,,SQLMiner,1000,ChainResponse25,
/mnt/c/Users/Sam/Documents/Repositories/Codebases/knobab/data/testing/hospital/1000/Hospital_Log_1000.xes,F,2195.17,135.954,1000,28,1.18576e-321,0,0,224,/mnt/c/Users/Sam/Documents/Repositories/Codebases/knobab/scripts/maxsat_pipeline.yaml,ChainResponse25,marking,FastOperator_v1,0,25,0.4412,0.0137,17.9089,167.675,No,1,,SQLMiner,1000,ChainResponse25,
/mnt/c/Users/Sam/Documents/Repositories/Codebases/knobab/data/testing/hospital/1000/Hospital_Log_1000.xes,F,2063.29,127.899,1000,28,1.18576e-321,0,0,224,/mnt/c/Users/Sam/Documents/Repositories/Codebases/knobab/scripts/maxsat_pipeline.yaml,ChainResponse25,marking,FastOperator_v1,0,25,0.2988,0.0124,16.0198,152.189,No,1,,SQLMiner,1000,ChainResponse25,
/mnt/c/Users/Sam/Documents/Repositories/Codebases/knobab/data/testing/hospital/1000/Hospital_Log_1000.xes,F,1972.42,127.762,1000,28,1.18576e-321,0,0,224,/mnt/c/Users/Sam/Documents/Repositories/Codebases/knobab/scripts/maxsat_pipeline.yaml,ChainResponse25,marking,FastOperator_v1,0,25,0.3659,0.0137,15.831,153.084,No,1,,SQLMiner,1000,ChainResponse25,
/mnt/c/Users/Sam/Documents/Repositories/Codebases/knobab/data/testing/hospital/1000/Hospital_Log_1000.xes,F,1821.52,129.16,1000,28,1.18576e-321,0,0,224,/mnt/c/Users/Sam/Documents/Repositories/Codebases/knobab/scripts/maxsat_pipeline.yaml,ChainResponse25,marking,FastOperator_v1,0,25,0.3299,0.0298,16.7885,151.49,No,1,,SQLMiner,1000,ChainResponse25,
/mnt/c/Users/Sam/Documents/Repositories/Codebases/knobab/data/testing/hospital/10/Hospital_Log_10.xes,F,164.26,2.7713,10,26,1.18576e-321,0,0,224,/mnt/c/Users/Sam/Documents/Repositories/Codebases/knobab/scripts/support_pipeline.yaml,ChainResponse25,marking,FastOperator_v1,0,25,0.0987,0.9387,4.7857,3.149,No,1,,SQLMiner + TraceInfo,10,ChainResponse25,1086.067
/mnt/c/Users/Sam/Documents/Repositories/Codebases/knobab/data/testing/hospital/10/Hospital_Log_10.xes,F,238.252,3.48,10,26,1.18576e-321,0,0,224,/mnt/c/Users/Sam/Documents/Repositories/Codebases/knobab/scripts/support_pipeline.yaml,ChainResponse25,marking,FastOperator_v1,0,25,0.0679,0.0135,4.7364,3.0697,No,1,,SQLMiner + TraceInfo,10,ChainResponse25,1091.017
/mnt/c/Users/Sam/Documents/Repositories/Codebases/knobab/data/testing/hospital/10/Hospital_Log_10.xes,F,222.141,3.8391,10,26,1.18576e-321,0,0,224,/mnt/c/Users/Sam/Documents/Repositories/Codebases/knobab/scripts/support_pipeline.yaml,ChainResponse25,marking,FastOperator_v1,0,25,0.0777,0.0217,4.9079,3.2447,No,1,,SQLMiner + TraceInfo,10,ChainResponse25,1093.448
/mnt/c/Users/Sam/Documents/Repositories/Codebases/knobab/data/testing/hospital/10/Hospital_Log_10.xes,F,182.002,3.237,10,26,1.18576e-321,0,0,224,/mnt/c/Users/Sam/Documents/Repositories/Codebases/knobab/scripts/support_pipeline.yaml,ChainResponse25,marking,FastOperator_v1,0,25,0.0756,0.0154,4.6989,2.9435,No,1,,SQLMiner + TraceInfo,10,ChainResponse25,1093.249
/mnt/c/Users/Sam/Documents/Repositories/Codebases/knobab/data/testing/hospital/10/Hospital_Log_10.xes,F,176.367,4.953,10,26,1.18576e-321,0,0,224,/mnt/c/Users/Sam/Documents/Repositories/Codebases/knobab/scripts/support_pipeline.yaml,ChainResponse25,marking,FastOperator_v1,0,25,0.1294,0.0166,5.1169,3.418,No,1,,SQLMiner + TraceInfo,10,ChainResponse25,1086.301
/mnt/c/Users/Sam/Documents/Repositories/Codebases/knobab/data/testing/hospital/100/Hospital_Log_100.xes,F,342.305,14.3424,100,26,1.18576e-321,0,0,224,/mnt/c/Users/Sam/Documents/Repositories/Codebases/knobab/scripts/support_pipeline.yaml,ChainResponse25,marking,FastOperator_v1,0,25,0.1109,1.1375,9.0046,14.7977,No,1,,SQLMiner + TraceInfo,100,ChainResponse25,181308.655
/mnt/c/Users/Sam/Documents/Repositories/Codebases/knobab/data/testing/hospital/100/Hospital_Log_100.xes,F,417.017,21.2833,100,26,1.18576e-321,0,0,224,/mnt/c/Users/Sam/Documents/Repositories/Codebases/knobab/scripts/support_pipeline.yaml,ChainResponse25,marking,FastOperator_v1,0,25,0.1802,0.0127,8.3787,12.7062,No,1,,SQLMiner + TraceInfo,100,ChainResponse25,184607.934
/mnt/c/Users/Sam/Documents/Repositories/Codebases/knobab/data/testing/hospital/100/Hospital_Log_100.xes,F,335.234,15.0796,100,26,1.18576e-321,0,0,224,/mnt/c/Users/Sam/Documents/Repositories/Codebases/knobab/scripts/support_pipeline.yaml,ChainResponse25,marking,FastOperator_v1,0,25,0.197,0.0132,7.9942,17.1153,No,1,,SQLMiner + TraceInfo,100,ChainResponse25,182464.66
/mnt/c/Users/Sam/Documents/Repositories/Codebases/knobab/data/testing/hospital/100/Hospital_Log_100.xes,F,312.589,15.5142,100,26,1.18576e-321,0,0,224,/mnt/c/Users/Sam/Documents/Repositories/Codebases/knobab/scripts/support_pipeline.yaml,ChainResponse25,marking,FastOperator_v1,0,25,0.1458,0.0131,8.6745,17.4569,No,1,,SQLMiner + TraceInfo,100,ChainResponse25,179651.382
/mnt/c/Users/Sam/Documents/Repositories/Codebases/knobab/data/testing/hospital/100/Hospital_Log_100.xes,F,363.409,14.3897,100,26,1.18576e-321,0,0,224,/mnt/c/Users/Sam/Documents/Repositories/Codebases/knobab/scripts/support_pipeline.yaml,ChainResponse25,marking,FastOperator_v1,0,25,0.2628,0.0264,8.486,15.39,No,1,,SQLMiner + TraceInfo,100,ChainResponse25,179403.327
/mnt/c/Users/Sam/Documents/Repositories/Codebases/knobab/data/testing/hospital/1000/Hospital_Log_1000.xes,F,2655.05,179.188,1000,28,1.18576e-321,0,0,224,/mnt/c/Users/Sam/Documents/Repositories/Codebases/knobab/scripts/support_pipeline.yaml,ChainResponse25,marking,FastOperator_v1,0,25,0.3561,1.3391,20.5589,198.278,No,1,,SQLMiner + TraceInfo,1000,ChainResponse25,
/mnt/c/Users/Sam/Documents/Repositories/Codebases/knobab/data/testing/hospital/1000/Hospital_Log_1000.xes,F,2234.68,137.58,1000,28,1.18576e-321,0,0,224,/mnt/c/Users/Sam/Documents/Repositories/Codebases/knobab/scripts/support_pipeline.yaml,ChainResponse25,marking,FastOperator_v1,0,25,0.4871,0.0135,18.4376,167.945,No,1,,SQLMiner + TraceInfo,1000,ChainResponse25,
/mnt/c/Users/Sam/Documents/Repositories/Codebases/knobab/data/testing/hospital/1000/Hospital_Log_1000.xes,F,2015.69,126.344,1000,28,1.18576e-321,0,0,224,/mnt/c/Users/Sam/Documents/Repositories/Codebases/knobab/scripts/support_pipeline.yaml,ChainResponse25,marking,FastOperator_v1,0,25,0.4493,0.0138,16.5284,162.471,No,1,,SQLMiner + TraceInfo,1000,ChainResponse25,
/mnt/c/Users/Sam/Documents/Repositories/Codebases/knobab/data/testing/hospital/1000/Hospital_Log_1000.xes,F,1815.96,127.048,1000,28,1.18576e-321,0,0,224,/mnt/c/Users/Sam/Documents/Repositories/Codebases/knobab/scripts/support_pipeline.yaml,ChainResponse25,marking,FastOperator_v1,0,25,0.3598,0.0147,16.1706,153.566,No,1,,SQLMiner + TraceInfo,1000,ChainResponse25,
/mnt/c/Users/Sam/Documents/Repositories/Codebases/knobab/data/testing/hospital/1000/Hospital_Log_1000.xes,F,1787.55,129.629,1000,28,1.18576e-321,0,0,224,/mnt/c/Users/Sam/Documents/Repositories/Codebases/knobab/scripts/support_pipeline.yaml,ChainResponse25,marking,FastOperator_v1,0,25,0.2906,0.0364,15.9435,159.28,No,1,,SQLMiner + TraceInfo,1000,ChainResponse25,
/mnt/c/Users/Sam/Documents/Repositories/Codebases/knobab/data/testing/hospital/10/Hospital_Log_10.xes,F,162.798,2.6614,10,26,1.18576e-321,0,0,224,/mnt/c/Users/Sam/Documents/Repositories/Codebases/knobab/scripts/maxsat_pipeline.yaml,Precedence25,marking,FastOperator_v1,0,25,0.1072,1.2347,3.9396,3.0285,No,1,,SQLMiner,10,Precedence25,23.607
/mnt/c/Users/Sam/Documents/Repositories/Codebases/knobab/data/testing/hospital/10/Hospital_Log_10.xes,F,237.87,3.462,10,26,1.18576e-321,0,0,224,/mnt/c/Users/Sam/Documents/Repositories/Codebases/knobab/scripts/maxsat_pipeline.yaml,Precedence25,marking,FastOperator_v1,0,25,0.0907,0.0139,4.9238,3.6735,No,1,,SQLMiner,10,Precedence25,21.581
/mnt/c/Users/Sam/Documents/Repositories/Codebases/knobab/data/testing/hospital/10/Hospital_Log_10.xes,F,227.421,3.1217,10,26,1.18576e-321,0,0,224,/mnt/c/Users/Sam/Documents/Repositories/Codebases/knobab/scripts/maxsat_pipeline.yaml,Precedence25,marking,FastOperator_v1,0,25,0.0859,0.0201,5.2203,3.9962,No,1,,SQLMiner,10,Precedence25,21.522
/mnt/c/Users/Sam/Documents/Repositories/Codebases/knobab/data/testing/hospital/10/Hospital_Log_10.xes,F,179.356,3.2396,10,26,1.18576e-321,0,0,224,/mnt/c/Users/Sam/Documents/Repositories/Codebases/knobab/scripts/maxsat_pipeline.yaml,Precedence25,marking,FastOperator_v1,0,25,0.066,0.0128,4.773,3.4022,No,1,,SQLMiner,10,Precedence25,21.478
/mnt/c/Users/Sam/Documents/Repositories/Codebases/knobab/data/testing/hospital/10/Hospital_Log_10.xes,F,170.514,3.1751,10,26,1.18576e-321,0,0,224,/mnt/c/Users/Sam/Documents/Repositories/Codebases/knobab/scripts/maxsat_pipeline.yaml,Precedence25,marking,FastOperator_v1,0,25,0.1526,0.0146,3.9096,3.5094,No,1,,SQLMiner,10,Precedence25,21.479
/mnt/c/Users/Sam/Documents/Repositories/Codebases/knobab/data/testing/hospital/100/Hospital_Log_100.xes,F,358.186,14.864,100,26,1.18576e-321,0,0,224,/mnt/c/Users/Sam/Documents/Repositories/Codebases/knobab/scripts/maxsat_pipeline.yaml,Precedence25,marking,FastOperator_v1,0,25,0.1264,0.884,8.0033,15.251,No,1,,SQLMiner,100,Precedence25,53.501
/mnt/c/Users/Sam/Documents/Repositories/Codebases/knobab/data/testing/hospital/100/Hospital_Log_100.xes,F,425.029,14.0475,100,26,1.18576e-321,0,0,224,/mnt/c/Users/Sam/Documents/Repositories/Codebases/knobab/scripts/maxsat_pipeline.yaml,Precedence25,marking,FastOperator_v1,0,25,0.1212,0.0124,8.1988,14.5268,No,1,,SQLMiner,100,Precedence25,53.326
/mnt/c/Users/Sam/Documents/Repositories/Codebases/knobab/data/testing/hospital/100/Hospital_Log_100.xes,F,332.251,15.1346,100,26,1.18576e-321,0,0,224,/mnt/c/Users/Sam/Documents/Repositories/Codebases/knobab/scripts/maxsat_pipeline.yaml,Precedence25,marking,FastOperator_v1,0,25,0.191,0.0131,7.1034,13.8835,No,1,,SQLMiner,100,Precedence25,53.207
/mnt/c/Users/Sam/Documents/Repositories/Codebases/knobab/data/testing/hospital/100/Hospital_Log_100.xes,F,321.07,15.1582,100,26,1.18576e-321,0,0,224,/mnt/c/Users/Sam/Documents/Repositories/Codebases/knobab/scripts/maxsat_pipeline.yaml,Precedence25,marking,FastOperator_v1,0,25,0.114,0.0125,7.5994,15.6101,No,1,,SQLMiner,100,Precedence25,52.955
/mnt/c/Users/Sam/Documents/Repositories/Codebases/knobab/data/testing/hospital/100/Hospital_Log_100.xes,F,357.891,14.5989,100,26,1.18576e-321,0,0,224,/mnt/c/Users/Sam/Documents/Repositories/Codebases/knobab/scripts/maxsat_pipeline.yaml,Precedence25,marking,FastOperator_v1,0,25,0.1983,0.0259,8.0317,14.5252,No,1,,SQLMiner,100,Precedence25,53.315
/mnt/c/Users/Sam/Documents/Repositories/Codebases/knobab/data/testing/hospital/1000/Hospital_Log_1000.xes,F,2519.1,176.403,1000,28,1.18576e-321,0,0,224,/mnt/c/Users/Sam/Documents/Repositories/Codebases/knobab/scripts/maxsat_pipeline.yaml,Precedence25,marking,FastOperator_v1,0,25,0.3467,1.3063,19.2951,160.364,No,1,,SQLMiner,1000,Precedence25,738.266
/mnt/c/Users/Sam/Documents/Repositories/Codebases/knobab/data/testing/hospital/1000/Hospital_Log_1000.xes,F,2269.32,143.72,1000,28,1.18576e-321,0,0,224,/mnt/c/Users/Sam/Documents/Repositories/Codebases/knobab/scripts/maxsat_pipeline.yaml,Precedence25,marking,FastOperator_v1,0,25,0.3291,0.0191,17.103,137.05,No,1,,SQLMiner,1000,Precedence25,737.878
/mnt/c/Users/Sam/Documents/Repositories/Codebases/knobab/data/testing/hospital/1000/Hospital_Log_1000.xes,F,1989.85,129.471,1000,28,1.18576e-321,0,0,224,/mnt/c/Users/Sam/Documents/Repositories/Codebases/knobab/scripts/maxsat_pipeline.yaml,Precedence25,marking,FastOperator_v1,0,25,0.4938,0.0134,16.1709,123.803,No,1,,SQLMiner,1000,Precedence25,737.44
/mnt/c/Users/Sam/Documents/Repositories/Codebases/knobab/data/testing/hospital/1000/Hospital_Log_1000.xes,F,1954.83,127.82,1000,28,1.18576e-321,0,0,224,/mnt/c/Users/Sam/Documents/Repositories/Codebases/knobab/scripts/maxsat_pipeline.yaml,Precedence25,marking,FastOperator_v1,0,25,0.3162,0.027,15.6353,123.023,No,1,,SQLMiner,1000,Precedence25,737.027
/mnt/c/Users/Sam/Documents/Repositories/Codebases/knobab/data/testing/hospital/1000/Hospital_Log_1000.xes,F,1945.36,130.126,1000,28,1.18576e-321,0,0,224,/mnt/c/Users/Sam/Documents/Repositories/Codebases/knobab/scripts/maxsat_pipeline.yaml,Precedence25,marking,FastOperator_v1,0,25,0.2981,0.0131,16.4471,136.369,No,1,,SQLMiner,1000,Precedence25,715.976
/mnt/c/Users/Sam/Documents/Repositories/Codebases/knobab/data/testing/hospital/10/Hospital_Log_10.xes,F,165.419,2.7306,10,26,1.18576e-321,0,0,224,/mnt/c/Users/Sam/Documents/Repositories/Codebases/knobab/scripts/support_pipeline.yaml,Precedence25,marking,FastOperator_v1,0,25,0.0936,0.908,3.6644,2.9929,No,1,,SQLMiner + TraceInfo,10,Precedence25,329.882
/mnt/c/Users/Sam/Documents/Repositories/Codebases/knobab/data/testing/hospital/10/Hospital_Log_10.xes,F,227.712,3.6455,10,26,1.18576e-321,0,0,224,/mnt/c/Users/Sam/Documents/Repositories/Codebases/knobab/scripts/support_pipeline.yaml,Precedence25,marking,FastOperator_v1,0,25,0.0765,0.0205,4.4017,3.4907,No,1,,SQLMiner + TraceInfo,10,Precedence25,329.243
/mnt/c/Users/Sam/Documents/Repositories/Codebases/knobab/data/testing/hospital/10/Hospital_Log_10.xes,F,229.783,3.7871,10,26,1.18576e-321,0,0,224,/mnt/c/Users/Sam/Documents/Repositories/Codebases/knobab/scripts/support_pipeline.yaml,Precedence25,marking,FastOperator_v1,0,25,0.0799,0.0146,4.7489,3.3838,No,1,,SQLMiner + TraceInfo,10,Precedence25,329.945
/mnt/c/Users/Sam/Documents/Repositories/Codebases/knobab/data/testing/hospital/10/Hospital_Log_10.xes,F,215.315,5.3333,10,26,1.18576e-321,0,0,224,/mnt/c/Users/Sam/Documents/Repositories/Codebases/knobab/scripts/support_pipeline.yaml,Precedence25,marking,FastOperator_v1,0,25,0.067,0.0158,4.5895,3.4235,No,1,,SQLMiner + TraceInfo,10,Precedence25,331.735
/mnt/c/Users/Sam/Documents/Repositories/Codebases/knobab/data/testing/hospital/10/Hospital_Log_10.xes,F,181.812,3.1416,10,26,1.18576e-321,0,0,224,/mnt/c/Users/Sam/Documents/Repositories/Codebases/knobab/scripts/support_pipeline.yaml,Precedence25,marking,FastOperator_v1,0,25,0.0726,0.0384,4.7371,3.0781,No,1,,SQLMiner + TraceInfo,10,Precedence25,332.303
/mnt/c/Users/Sam/Documents/Repositories/Codebases/knobab/data/testing/hospital/100/Hospital_Log_100.xes,F,364.859,14.8852,100,26,1.18576e-321,0,0,224,/mnt/c/Users/Sam/Documents/Repositories/Codebases/knobab/scripts/support_pipeline.yaml,Precedence25,marking,FastOperator_v1,0,25,0.1182,1.5522,8.1251,14.5387,No,1,,SQLMiner + TraceInfo,100,Precedence25,2900.427
/mnt/c/Users/Sam/Documents/Repositories/Codebases/knobab/data/testing/hospital/100/Hospital_Log_100.xes,F,415.007,13.9618,100,26,1.18576e-321,0,0,224,/mnt/c/Users/Sam/Documents/Repositories/Codebases/knobab/scripts/support_pipeline.yaml,Precedence25,marking,FastOperator_v1,0,25,0.2285,0.0128,8.0304,15.0827,No,1,,SQLMiner + TraceInfo,100,Precedence25,2913.482
/mnt/c/Users/Sam/Documents/Repositories/Codebases/knobab/data/testing/hospital/100/Hospital_Log_100.xes,F,338.917,12.6064,100,26,1.18576e-321,0,0,224,/mnt/c/Users/Sam/Documents/Repositories/Codebases/knobab/scripts/support_pipeline.yaml,Precedence25,marking,FastOperator_v1,0,25,0.343,0.0302,7.1762,13.4155,No,1,,SQLMiner + TraceInfo,100,Precedence25,2892.281
/mnt/c/Users/Sam/Documents/Repositories/Codebases/knobab/data/testing/hospital/100/Hospital_Log_100.xes,F,311.097,15.4538,100,26,1.18576e-321,0,0,224,/mnt/c/Users/Sam/Documents/Repositories/Codebases/knobab/scripts/support_pipeline.yaml,Precedence25,marking,FastOperator_v1,0,25,0.1208,0.0122,8.3507,15.4589,No,1,,SQLMiner + TraceInfo,100,Precedence25,2875.029
/mnt/c/Users/Sam/Documents/Repositories/Codebases/knobab/data/testing/hospital/100/Hospital_Log_100.xes,F,369.934,18.733,100,26,1.18576e-321,0,0,224,/mnt/c/Users/Sam/Documents/Repositories/Codebases/knobab/scripts/support_pipeline.yaml,Precedence25,marking,FastOperator_v1,0,25,0.1354,0.0361,18.1793,19.1869,No,1,,SQLMiner + TraceInfo,100,Precedence25,2893.949
/mnt/c/Users/Sam/Documents/Repositories/Codebases/knobab/data/testing/hospital/1000/Hospital_Log_1000.xes,F,2577.86,191.569,1000,28,1.18576e-321,0,0,224,/mnt/c/Users/Sam/Documents/Repositories/Codebases/knobab/scripts/support_pipeline.yaml,Precedence25,marking,FastOperator_v1,0,25,0.4219,1.309,19.3264,153.065,No,1,,SQLMiner + TraceInfo,1000,Precedence25,239728.824
/mnt/c/Users/Sam/Documents/Repositories/Codebases/knobab/data/testing/hospital/1000/Hospital_Log_1000.xes,F,2201.91,146.128,1000,28,1.18576e-321,0,0,224,/mnt/c/Users/Sam/Documents/Repositories/Codebases/knobab/scripts/support_pipeline.yaml,Precedence25,marking,FastOperator_v1,0,25,0.3266,0.0143,17.7694,135.683,No,1,,SQLMiner + TraceInfo,1000,Precedence25,244426.653
/mnt/c/Users/Sam/Documents/Repositories/Codebases/knobab/data/testing/hospital/1000/Hospital_Log_1000.xes,F,2032.7,129.726,1000,28,1.18576e-321,0,0,224,/mnt/c/Users/Sam/Documents/Repositories/Codebases/knobab/scripts/support_pipeline.yaml,Precedence25,marking,FastOperator_v1,0,25,0.2986,0.0135,16.4361,122.751,No,1,,SQLMiner + TraceInfo,1000,Precedence25,240794.677
/mnt/c/Users/Sam/Documents/Repositories/Codebases/knobab/data/testing/hospital/1000/Hospital_Log_1000.xes,F,1849.78,127.685,1000,28,1.18576e-321,0,0,224,/mnt/c/Users/Sam/Documents/Repositories/Codebases/knobab/scripts/support_pipeline.yaml,Precedence25,marking,FastOperator_v1,0,25,0.4169,0.0554,15.2794,120.712,No,1,,SQLMiner + TraceInfo,1000,Precedence25,260014.062
/mnt/c/Users/Sam/Documents/Repositories/Codebases/knobab/data/testing/hospital/1000/Hospital_Log_1000.xes,F,1822.66,148.237,1000,28,1.18576e-321,0,0,224,/mnt/c/Users/Sam/Documents/Repositories/Codebases/knobab/scripts/support_pipeline.yaml,Precedence25,marking,FastOperator_v1,0,25,0.2721,0.0553,17.3228,131.079,No,1,,SQLMiner + TraceInfo,1000,Precedence25,248308.772
/mnt/c/Users/Sam/Documents/Repositories/Codebases/knobab/data/testing/hospital/10/Hospital_Log_10.xes,F,164.419,2.7314,10,26,1.18576e-321,0,0,224,/mnt/c/Users/Sam/Documents/Repositories/Codebases/knobab/scripts/maxsat_pipeline.yaml,AltPrecedence25,marking,FastOperator_v1,0,25,0.1181,1.2868,13.3514,41.2588,No,1,,SQLMiner,10,AlternatePrecedence25,5764.501
/mnt/c/Users/Sam/Documents/Repositories/Codebases/knobab/data/testing/hospital/10/Hospital_Log_10.xes,F,246.816,4.0364,10,26,1.18576e-321,0,0,224,/mnt/c/Users/Sam/Documents/Repositories/Codebases/knobab/scripts/maxsat_pipeline.yaml,AltPrecedence25,marking,FastOperator_v1,0,25,0.1206,0.0164,15.5703,38.3533,No,1,,SQLMiner,10,AlternatePrecedence25,5850.425
/mnt/c/Users/Sam/Documents/Repositories/Codebases/knobab/data/testing/hospital/10/Hospital_Log_10.xes,F,212.799,3.3781,10,26,1.18576e-321,0,0,224,/mnt/c/Users/Sam/Documents/Repositories/Codebases/knobab/scripts/maxsat_pipeline.yaml,AltPrecedence25,marking,FastOperator_v1,0,25,0.0901,0.0162,16.4583,48.2325,No,1,,SQLMiner,10,AlternatePrecedence25,5990.697
/mnt/c/Users/Sam/Documents/Repositories/Codebases/knobab/data/testing/hospital/10/Hospital_Log_10.xes,F,184.099,3.1363,10,26,1.18576e-321,0,0,224,/mnt/c/Users/Sam/Documents/Repositories/Codebases/knobab/scripts/maxsat_pipeline.yaml,AltPrecedence25,marking,FastOperator_v1,0,25,0.0792,0.0156,16.1326,36.5029,No,1,,SQLMiner,10,AlternatePrecedence25,5775.808
/mnt/c/Users/Sam/Documents/Repositories/Codebases/knobab/data/testing/hospital/10/Hospital_Log_10.xes,F,172.551,3.2064,10,26,1.18576e-321,0,0,224,/mnt/c/Users/Sam/Documents/Repositories/Codebases/knobab/scripts/maxsat_pipeline.yaml,AltPrecedence25,marking,FastOperator_v1,0,25,0.1623,0.042,14.812,49.6356,No,1,,SQLMiner,10,AlternatePrecedence25,5955.127
/mnt/c/Users/Sam/Documents/Repositories/Codebases/knobab/data/testing/hospital/100/Hospital_Log_100.xes,F,354.847,16.5229,100,26,1.18576e-321,0,0,224,/mnt/c/Users/Sam/Documents/Repositories/Codebases/knobab/scripts/maxsat_pipeline.yaml,AltPrecedence25,marking,FastOperator_v1,0,25,0.2309,1.3286,34.6458,2625.78,No,1,,SQLMiner,100,AlternatePrecedence25,192025.561
/mnt/c/Users/Sam/Documents/Repositories/Codebases/knobab/data/testing/hospital/100/Hospital_Log_100.xes,F,353.118,13.2173,100,26,1.18576e-321,0,0,224,/mnt/c/Users/Sam/Documents/Repositories/Codebases/knobab/scripts/maxsat_pipeline.yaml,AltPrecedence25,marking,FastOperator_v1,0,25,0.2007,0.0136,28.2902,2239.08,No,1,,SQLMiner,100,AlternatePrecedence25,200412.947
/mnt/c/Users/Sam/Documents/Repositories/Codebases/knobab/data/testing/hospital/100/Hospital_Log_100.xes,F,303.787,13.2381,100,26,1.18576e-321,0,0,224,/mnt/c/Users/Sam/Documents/Repositories/Codebases/knobab/scripts/maxsat_pipeline.yaml,AltPrecedence25,marking,FastOperator_v1,0,25,0.1123,0.0114,28.0942,2085.6,No,1,,SQLMiner,100,AlternatePrecedence25,192532.53
/mnt/c/Users/Sam/Documents/Repositories/Codebases/knobab/data/testing/hospital/100/Hospital_Log_100.xes,F,294.245,12.1506,100,26,1.18576e-321,0,0,224,/mnt/c/Users/Sam/Documents/Repositories/Codebases/knobab/scripts/maxsat_pipeline.yaml,AltPrecedence25,marking,FastOperator_v1,0,25,0.1072,0.0354,24.32,2130.99,No,1,,SQLMiner,100,AlternatePrecedence25,196850.855
/mnt/c/Users/Sam/Documents/Repositories/Codebases/knobab/data/testing/hospital/100/Hospital_Log_100.xes,F,307.599,12.0708,100,26,1.18576e-321,0,0,224,/mnt/c/Users/Sam/Documents/Repositories/Codebases/knobab/scripts/maxsat_pipeline.yaml,AltPrecedence25,marking,FastOperator_v1,0,25,0.1293,0.0128,23.0085,2057.32,No,1,,SQLMiner,100,AlternatePrecedence25,198281.986
/mnt/c/Users/Sam/Documents/Repositories/Codebases/knobab/data/testing/hospital/1000/Hospital_Log_1000.xes,F,2488.35,189.757,1000,28,1.18576e-321,0,0,224,/mnt/c/Users/Sam/Documents/Repositories/Codebases/knobab/scripts/maxsat_pipeline.yaml,AltPrecedence25,marking,FastOperator_v1,0,25,0.3601,0.8933,72.2108,12357.8,No,1,,SQLMiner,1000,AlternatePrecedence25,
/mnt/c/Users/Sam/Documents/Repositories/Codebases/knobab/data/testing/hospital/1000/Hospital_Log_1000.xes,F,1967.23,128.45,1000,28,1.18576e-321,0,0,224,/mnt/c/Users/Sam/Documents/Repositories/Codebases/knobab/scripts/maxsat_pipeline.yaml,AltPrecedence25,marking,FastOperator_v1,0,25,0.4172,0.0136,57.1042,11708.7,No,1,,SQLMiner,1000,AlternatePrecedence25,
/mnt/c/Users/Sam/Documents/Repositories/Codebases/knobab/data/testing/hospital/1000/Hospital_Log_1000.xes,F,1998.06,128.8,1000,28,1.18576e-321,0,0,224,/mnt/c/Users/Sam/Documents/Repositories/Codebases/knobab/scripts/maxsat_pipeline.yaml,AltPrecedence25,marking,FastOperator_v1,0,25,0.4464,0.0138,57.7868,12063.8,No,1,,SQLMiner,1000,AlternatePrecedence25,
/mnt/c/Users/Sam/Documents/Repositories/Codebases/knobab/data/testing/hospital/1000/Hospital_Log_1000.xes,F,1968.45,133.392,1000,28,1.18576e-321,0,0,224,/mnt/c/Users/Sam/Documents/Repositories/Codebases/knobab/scripts/maxsat_pipeline.yaml,AltPrecedence25,marking,FastOperator_v1,0,25,0.3253,0.029,55.8935,14339.3,No,1,,SQLMiner,1000,AlternatePrecedence25,
/mnt/c/Users/Sam/Documents/Repositories/Codebases/knobab/data/testing/hospital/1000/Hospital_Log_1000.xes,F,2451.31,135.532,1000,28,1.18576e-321,0,0,224,/mnt/c/Users/Sam/Documents/Repositories/Codebases/knobab/scripts/maxsat_pipeline.yaml,AltPrecedence25,marking,FastOperator_v1,0,25,0.3129,0.0374,79.2726,13656.1,No,1,,SQLMiner,1000,AlternatePrecedence25,
/mnt/c/Users/Sam/Documents/Repositories/Codebases/knobab/data/testing/hospital/10/Hospital_Log_10.xes,F,218.691,2.7273,10,26,1.18576e-321,0,0,224,/mnt/c/Users/Sam/Documents/Repositories/Codebases/knobab/scripts/support_pipeline.yaml,AltPrecedence25,marking,FastOperator_v1,0,25,0.1164,2.1006,22.4915,61.8334,No,1,,SQLMiner + TraceInfo,10,AlternatePrecedence25,548.694
/mnt/c/Users/Sam/Documents/Repositories/Codebases/knobab/data/testing/hospital/10/Hospital_Log_10.xes,F,228.31,3.6443,10,26,1.18576e-321,0,0,224,/mnt/c/Users/Sam/Documents/Repositories/Codebases/knobab/scripts/support_pipeline.yaml,AltPrecedence25,marking,FastOperator_v1,0,25,0.1582,0.03,16.9078,35.2698,No,1,,SQLMiner + TraceInfo,10,AlternatePrecedence25,540.513
/mnt/c/Users/Sam/Documents/Repositories/Codebases/knobab/data/testing/hospital/10/Hospital_Log_10.xes,F,203.453,3.5048,10,26,1.18576e-321,0,0,224,/mnt/c/Users/Sam/Documents/Repositories/Codebases/knobab/scripts/support_pipeline.yaml,AltPrecedence25,marking,FastOperator_v1,0,25,0.1025,0.0148,16.3533,37.3068,No,1,,SQLMiner + TraceInfo,10,AlternatePrecedence25,542.249
/mnt/c/Users/Sam/Documents/Repositories/Codebases/knobab/data/testing/hospital/10/Hospital_Log_10.xes,F,177.876,2.961,10,26,1.18576e-321,0,0,224,/mnt/c/Users/Sam/Documents/Repositories/Codebases/knobab/scripts/support_pipeline.yaml,AltPrecedence25,marking,FastOperator_v1,0,25,0.1224,0.0398,15.2021,35.7501,No,1,,SQLMiner + TraceInfo,10,AlternatePrecedence25,541
/mnt/c/Users/Sam/Documents/Repositories/Codebases/knobab/data/testing/hospital/10/Hospital_Log_10.xes,F,181.107,3.2503,10,26,1.18576e-321,0,0,224,/mnt/c/Users/Sam/Documents/Repositories/Codebases/knobab/scripts/support_pipeline.yaml,AltPrecedence25,marking,FastOperator_v1,0,25,0.115,0.0181,16.4016,34.5846,No,1,,SQLMiner + TraceInfo,10,AlternatePrecedence25,541.729
/mnt/c/Users/Sam/Documents/Repositories/Codebases/knobab/data/testing/hospital/100/Hospital_Log_100.xes,F,463.842,15.8618,100,26,1.18576e-321,0,0,224,/mnt/c/Users/Sam/Documents/Repositories/Codebases/knobab/scripts/support_pipeline.yaml,AltPrecedence25,marking,FastOperator_v1,0,25,0.143,0.6307,29.1292,2511.3,No,1,,SQLMiner + TraceInfo,100,AlternatePrecedence25,5873.245
/mnt/c/Users/Sam/Documents/Repositories/Codebases/knobab/data/testing/hospital/100/Hospital_Log_100.xes,F,326.867,11.9834,100,26,1.18576e-321,0,0,224,/mnt/c/Users/Sam/Documents/Repositories/Codebases/knobab/scripts/support_pipeline.yaml,AltPrecedence25,marking,FastOperator_v1,0,25,0.1459,0.0123,23.4788,2249.74,No,1,,SQLMiner + TraceInfo,100,AlternatePrecedence25,5885.042
/mnt/c/Users/Sam/Documents/Repositories/Codebases/knobab/data/testing/hospital/100/Hospital_Log_100.xes,F,299.484,12.1295,100,26,1.18576e-321,0,0,224,/mnt/c/Users/Sam/Documents/Repositories/Codebases/knobab/scripts/support_pipeline.yaml,AltPrecedence25,marking,FastOperator_v1,0,25,0.2023,0.0293,25.967,2065.73,No,1,,SQLMiner + TraceInfo,100,AlternatePrecedence25,5745.695
/mnt/c/Users/Sam/Documents/Repositories/Codebases/knobab/data/testing/hospital/100/Hospital_Log_100.xes,F,300.642,12.0343,100,26,1.18576e-321,0,0,224,/mnt/c/Users/Sam/Documents/Repositories/Codebases/knobab/scripts/support_pipeline.yaml,AltPrecedence25,marking,FastOperator_v1,0,25,0.0887,0.0338,23.9203,2128.41,No,1,,SQLMiner + TraceInfo,100,AlternatePrecedence25,5861.664
/mnt/c/Users/Sam/Documents/Repositories/Codebases/knobab/data/testing/hospital/100/Hospital_Log_100.xes,F,310.974,12.9969,100,26,1.18576e-321,0,0,224,/mnt/c/Users/Sam/Documents/Repositories/Codebases/knobab/scripts/support_pipeline.yaml,AltPrecedence25,marking,FastOperator_v1,0,25,0.0949,0.0402,23.773,2056.8,No,1,,SQLMiner + TraceInfo,100,AlternatePrecedence25,5833.181
/mnt/c/Users/Sam/Documents/Repositories/Codebases/knobab/data/testing/hospital/1000/Hospital_Log_1000.xes,F,3010.94,180.958,1000,28,1.18576e-321,0,0,224,/mnt/c/Users/Sam/Documents/Repositories/Codebases/knobab/scripts/support_pipeline.yaml,AltPrecedence25,marking,FastOperator_v1,0,25,0.3866,1.4207,62.7522,12179.1,No,1,,SQLMiner + TraceInfo,1000,AlternatePrecedence25,
/mnt/c/Users/Sam/Documents/Repositories/Codebases/knobab/data/testing/hospital/1000/Hospital_Log_1000.xes,F,1856.33,126.024,1000,28,1.18576e-321,0,0,224,/mnt/c/Users/Sam/Documents/Repositories/Codebases/knobab/scripts/support_pipeline.yaml,AltPrecedence25,marking,FastOperator_v1,0,25,0.2765,0.0496,56.7811,11767.1,No,1,,SQLMiner + TraceInfo,1000,AlternatePrecedence25,
/mnt/c/Users/Sam/Documents/Repositories/Codebases/knobab/data/testing/hospital/1000/Hospital_Log_1000.xes,F,1832.43,127.267,1000,28,1.18576e-321,0,0,224,/mnt/c/Users/Sam/Documents/Repositories/Codebases/knobab/scripts/support_pipeline.yaml,AltPrecedence25,marking,FastOperator_v1,0,25,0.313,0.0121,56.2463,11877,No,1,,SQLMiner + TraceInfo,1000,AlternatePrecedence25,
/mnt/c/Users/Sam/Documents/Repositories/Codebases/knobab/data/testing/hospital/1000/Hospital_Log_1000.xes,F,2068.39,128.675,1000,28,1.18576e-321,0,0,224,/mnt/c/Users/Sam/Documents/Repositories/Codebases/knobab/scripts/support_pipeline.yaml,AltPrecedence25,marking,FastOperator_v1,0,25,0.2206,0.027,57.6306,11823.9,No,1,,SQLMiner + TraceInfo,1000,AlternatePrecedence25,
/mnt/c/Users/Sam/Documents/Repositories/Codebases/knobab/data/testing/hospital/1000/Hospital_Log_1000.xes,F,2295.21,140.941,1000,28,1.18576e-321,0,0,224,/mnt/c/Users/Sam/Documents/Repositories/Codebases/knobab/scripts/support_pipeline.yaml,AltPrecedence25,marking,FastOperator_v1,0,25,0.2478,0.0116,64.3139,13354.7,No,1,,SQLMiner + TraceInfo,1000,AlternatePrecedence25,
/mnt/c/Users/Sam/Documents/Repositories/Codebases/knobab/data/testing/hospital/10/Hospital_Log_10.xes,F,191.793,2.6953,10,26,1.18576e-321,0,0,224,/mnt/c/Users/Sam/Documents/Repositories/Codebases/knobab/scripts/maxsat_pipeline.yaml,ChainPrecedence25,marking,FastOperator_v1,0,25,0.1236,1.1772,10.9287,9.6608,No,1,,SQLMiner,10,ChainPrecedence25,4510.693
/mnt/c/Users/Sam/Documents/Repositories/Codebases/knobab/data/testing/hospital/10/Hospital_Log_10.xes,F,313.197,10.1565,10,26,1.18576e-321,0,0,224,/mnt/c/Users/Sam/Documents/Repositories/Codebases/knobab/scripts/maxsat_pipeline.yaml,ChainPrecedence25,marking,FastOperator_v1,0,25,0.4088,0.0159,11.6633,7.8609,No,1,,SQLMiner,10,ChainPrecedence25,4520.614
/mnt/c/Users/Sam/Documents/Repositories/Codebases/knobab/data/testing/hospital/10/Hospital_Log_10.xes,F,188.167,3.8563,10,26,1.18576e-321,0,0,224,/mnt/c/Users/Sam/Documents/Repositories/Codebases/knobab/scripts/maxsat_pipeline.yaml,ChainPrecedence25,marking,FastOperator_v1,0,25,0.1247,0.0135,4.882,3.4645,No,1,,SQLMiner,10,ChainPrecedence25,4480.82
/mnt/c/Users/Sam/Documents/Repositories/Codebases/knobab/data/testing/hospital/10/Hospital_Log_10.xes,F,156.06,3.2602,10,26,1.18576e-321,0,0,224,/mnt/c/Users/Sam/Documents/Repositories/Codebases/knobab/scripts/maxsat_pipeline.yaml,ChainPrecedence25,marking,FastOperator_v1,0,25,0.0744,0.0146,4.5001,3.5433,No,1,,SQLMiner,10,ChainPrecedence25,4503.83
/mnt/c/Users/Sam/Documents/Repositories/Codebases/knobab/data/testing/hospital/10/Hospital_Log_10.xes,F,178.755,2.905,10,26,1.18576e-321,0,0,224,/mnt/c/Users/Sam/Documents/Repositories/Codebases/knobab/scripts/maxsat_pipeline.yaml,ChainPrecedence25,marking,FastOperator_v1,0,25,0.1051,0.0227,3.9745,2.9469,No,1,,SQLMiner,10,ChainPrecedence25,4563.068
/mnt/c/Users/Sam/Documents/Repositories/Codebases/knobab/data/testing/hospital/100/Hospital_Log_100.xes,F,589.145,34.0078,100,26,1.18576e-321,0,0,224,/mnt/c/Users/Sam/Documents/Repositories/Codebases/knobab/scripts/maxsat_pipeline.yaml,ChainPrecedence25,marking,FastOperator_v1,0,25,0.3094,0.7835,14.6772,29.1099,No,1,,SQLMiner,100,ChainPrecedence25,101510.575
/mnt/c/Users/Sam/Documents/Repositories/Codebases/knobab/data/testing/hospital/100/Hospital_Log_100.xes,F,317.064,15.5325,100,26,1.18576e-321,0,0,224,/mnt/c/Users/Sam/Documents/Repositories/Codebases/knobab/scripts/maxsat_pipeline.yaml,ChainPrecedence25,marking,FastOperator_v1,0,25,0.1718,0.0288,8.5081,12.5249,No,1,,SQLMiner,100,ChainPrecedence25,108059.015
/mnt/c/Users/Sam/Documents/Repositories/Codebases/knobab/data/testing/hospital/100/Hospital_Log_100.xes,F,317.599,12.3082,100,26,1.18576e-321,0,0,224,/mnt/c/Users/Sam/Documents/Repositories/Codebases/knobab/scripts/maxsat_pipeline.yaml,ChainPrecedence25,marking,FastOperator_v1,0,25,0.2424,0.0289,8.1846,16.9506,No,1,,SQLMiner,100,ChainPrecedence25,111857.154
/mnt/c/Users/Sam/Documents/Repositories/Codebases/knobab/data/testing/hospital/100/Hospital_Log_100.xes,F,343.24,23.8143,100,26,1.18576e-321,0,0,224,/mnt/c/Users/Sam/Documents/Repositories/Codebases/knobab/scripts/maxsat_pipeline.yaml,ChainPrecedence25,marking,FastOperator_v1,0,25,0.1269,0.0133,8.1239,19.117,No,1,,SQLMiner,100,ChainPrecedence25,107787.234
/mnt/c/Users/Sam/Documents/Repositories/Codebases/knobab/data/testing/hospital/100/Hospital_Log_100.xes,F,365.628,20.0148,100,26,1.18576e-321,0,0,224,/mnt/c/Users/Sam/Documents/Repositories/Codebases/knobab/scripts/maxsat_pipeline.yaml,ChainPrecedence25,marking,FastOperator_v1,0,25,0.1695,0.0356,8.2747,18.061,No,1,,SQLMiner,100,ChainPrecedence25,109920.662
/mnt/c/Users/Sam/Documents/Repositories/Codebases/knobab/data/testing/hospital/1000/Hospital_Log_1000.xes,F,2997.2,158.912,1000,28,1.18576e-321,0,0,224,/mnt/c/Users/Sam/Documents/Repositories/Codebases/knobab/scripts/maxsat_pipeline.yaml,ChainPrecedence25,marking,FastOperator_v1,0,25,0.2205,0.7125,20.6226,191.804,No,1,,SQLMiner,1000,ChainPrecedence25,
/mnt/c/Users/Sam/Documents/Repositories/Codebases/knobab/data/testing/hospital/1000/Hospital_Log_1000.xes,F,2296.75,142.863,1000,28,1.18576e-321,0,0,224,/mnt/c/Users/Sam/Documents/Repositories/Codebases/knobab/scripts/maxsat_pipeline.yaml,ChainPrecedence25,marking,FastOperator_v1,0,25,0.3724,0.0275,17.5715,214.081,No,1,,SQLMiner,1000,ChainPrecedence25,
/mnt/c/Users/Sam/Documents/Repositories/Codebases/knobab/data/testing/hospital/1000/Hospital_Log_1000.xes,F,2027.05,126.721,1000,28,1.18576e-321,0,0,224,/mnt/c/Users/Sam/Documents/Repositories/Codebases/knobab/scripts/maxsat_pipeline.yaml,ChainPrecedence25,marking,FastOperator_v1,0,25,0.2746,0.0342,14.9757,174.557,No,1,,SQLMiner,1000,ChainPrecedence25,
/mnt/c/Users/Sam/Documents/Repositories/Codebases/knobab/data/testing/hospital/1000/Hospital_Log_1000.xes,F,1973.55,128.091,1000,28,1.18576e-321,0,0,224,/mnt/c/Users/Sam/Documents/Repositories/Codebases/knobab/scripts/maxsat_pipeline.yaml,ChainPrecedence25,marking,FastOperator_v1,0,25,0.4218,0.0287,16.413,172.576,No,1,,SQLMiner,1000,ChainPrecedence25,
/mnt/c/Users/Sam/Documents/Repositories/Codebases/knobab/data/testing/hospital/1000/Hospital_Log_1000.xes,F,1821.34,129.111,1000,28,1.18576e-321,0,0,224,/mnt/c/Users/Sam/Documents/Repositories/Codebases/knobab/scripts/maxsat_pipeline.yaml,ChainPrecedence25,marking,FastOperator_v1,0,25,0.3472,0.0264,15.2396,176.378,No,1,,SQLMiner,1000,ChainPrecedence25,
/mnt/c/Users/Sam/Documents/Repositories/Codebases/knobab/data/testing/hospital/10/Hospital_Log_10.xes,F,171.592,2.7657,10,26,1.18576e-321,0,0,224,/mnt/c/Users/Sam/Documents/Repositories/Codebases/knobab/scripts/support_pipeline.yaml,ChainPrecedence25,marking,FastOperator_v1,0,25,0.0662,0.8707,3.774,3.6456,No,1,,SQLMiner + TraceInfo,10,ChainPrecedence25,478.199
/mnt/c/Users/Sam/Documents/Repositories/Codebases/knobab/data/testing/hospital/10/Hospital_Log_10.xes,F,251.909,3.3401,10,26,1.18576e-321,0,0,224,/mnt/c/Users/Sam/Documents/Repositories/Codebases/knobab/scripts/support_pipeline.yaml,ChainPrecedence25,marking,FastOperator_v1,0,25,0.076,0.0138,4.7528,3.7449,No,1,,SQLMiner + TraceInfo,10,ChainPrecedence25,475.461
/mnt/c/Users/Sam/Documents/Repositories/Codebases/knobab/data/testing/hospital/10/Hospital_Log_10.xes,F,232.765,3.7275,10,26,1.18576e-321,0,0,224,/mnt/c/Users/Sam/Documents/Repositories/Codebases/knobab/scripts/support_pipeline.yaml,ChainPrecedence25,marking,FastOperator_v1,0,25,0.1053,0.0554,5.0748,4.1159,No,1,,SQLMiner + TraceInfo,10,ChainPrecedence25,474.332
/mnt/c/Users/Sam/Documents/Repositories/Codebases/knobab/data/testing/hospital/10/Hospital_Log_10.xes,F,204.497,4.2844,10,26,1.18576e-321,0,0,224,/mnt/c/Users/Sam/Documents/Repositories/Codebases/knobab/scripts/support_pipeline.yaml,ChainPrecedence25,marking,FastOperator_v1,0,25,0.0858,0.0152,4.9116,3.5259,No,1,,SQLMiner + TraceInfo,10,ChainPrecedence25,480.979
/mnt/c/Users/Sam/Documents/Repositories/Codebases/knobab/data/testing/hospital/10/Hospital_Log_10.xes,F,182.296,3.2079,10,26,1.18576e-321,0,0,224,/mnt/c/Users/Sam/Documents/Repositories/Codebases/knobab/scripts/support_pipeline.yaml,ChainPrecedence25,marking,FastOperator_v1,0,25,0.1261,0.0153,4.4608,3.5133,No,1,,SQLMiner + TraceInfo,10,ChainPrecedence25,476.008
/mnt/c/Users/Sam/Documents/Repositories/Codebases/knobab/data/testing/hospital/100/Hospital_Log_100.xes,F,401.009,34.8108,100,26,1.18576e-321,0,0,224,/mnt/c/Users/Sam/Documents/Repositories/Codebases/knobab/scripts/support_pipeline.yaml,ChainPrecedence25,marking,FastOperator_v1,0,25,0.4677,0.9478,19.5893,40.529,No,1,,SQLMiner + TraceInfo,100,ChainPrecedence25,4931.858
/mnt/c/Users/Sam/Documents/Repositories/Codebases/knobab/data/testing/hospital/100/Hospital_Log_100.xes,F,374.861,13.3863,100,26,1.18576e-321,0,0,224,/mnt/c/Users/Sam/Documents/Repositories/Codebases/knobab/scripts/support_pipeline.yaml,ChainPrecedence25,marking,FastOperator_v1,0,25,0.1413,0.0136,9.1187,15.78,No,1,,SQLMiner + TraceInfo,100,ChainPrecedence25,4897.72
/mnt/c/Users/Sam/Documents/Repositories/Codebases/knobab/data/testing/hospital/100/Hospital_Log_100.xes,F,309.197,13.1456,100,26,1.18576e-321,0,0,224,/mnt/c/Users/Sam/Documents/Repositories/Codebases/knobab/scripts/support_pipeline.yaml,ChainPrecedence25,marking,FastOperator_v1,0,25,0.2139,0.0144,7.7263,17.3203,No,1,,SQLMiner + TraceInfo,100,ChainPrecedence25,4971.658
/mnt/c/Users/Sam/Documents/Repositories/Codebases/knobab/data/testing/hospital/100/Hospital_Log_100.xes,F,285.125,13.9801,100,26,1.18576e-321,0,0,224,/mnt/c/Users/Sam/Documents/Repositories/Codebases/knobab/scripts/support_pipeline.yaml,ChainPrecedence25,marking,FastOperator_v1,0,25,0.1736,0.0354,8.3517,19.8386,No,1,,SQLMiner + TraceInfo,100,ChainPrecedence25,5019.234
/mnt/c/Users/Sam/Documents/Repositories/Codebases/knobab/data/testing/hospital/100/Hospital_Log_100.xes,F,353.289,17.6022,100,26,1.18576e-321,0,0,224,/mnt/c/Users/Sam/Documents/Repositories/Codebases/knobab/scripts/support_pipeline.yaml,ChainPrecedence25,marking,FastOperator_v1,0,25,0.2361,0.0275,9.7752,23.6383,No,1,,SQLMiner + TraceInfo,100,ChainPrecedence25,5035.212
/mnt/c/Users/Sam/Documents/Repositories/Codebases/knobab/data/testing/hospital/1000/Hospital_Log_1000.xes,F,2488.87,240.774,1000,28,1.18576e-321,0,0,224,/mnt/c/Users/Sam/Documents/Repositories/Codebases/knobab/scripts/support_pipeline.yaml,ChainPrecedence25,marking,FastOperator_v1,0,25,0.2687,0.9087,22.718,240.931,No,1,,SQLMiner + TraceInfo,1000,ChainPrecedence25,
/mnt/c/Users/Sam/Documents/Repositories/Codebases/knobab/data/testing/hospital/1000/Hospital_Log_1000.xes,F,2279.68,144.716,1000,28,1.18576e-321,0,0,224,/mnt/c/Users/Sam/Documents/Repositories/Codebases/knobab/scripts/support_pipeline.yaml,ChainPrecedence25,marking,FastOperator_v1,0,25,0.2213,0.0138,17.8575,191.228,No,1,,SQLMiner + TraceInfo,1000,ChainPrecedence25,
/mnt/c/Users/Sam/Documents/Repositories/Codebases/knobab/data/testing/hospital/1000/Hospital_Log_1000.xes,F,1998.87,131,1000,28,1.18576e-321,0,0,224,/mnt/c/Users/Sam/Documents/Repositories/Codebases/knobab/scripts/support_pipeline.yaml,ChainPrecedence25,marking,FastOperator_v1,0,25,0.2915,0.0136,15.9979,181.01,No,1,,SQLMiner + TraceInfo,1000,ChainPrecedence25,
/mnt/c/Users/Sam/Documents/Repositories/Codebases/knobab/data/testing/hospital/1000/Hospital_Log_1000.xes,F,1983.29,132.768,1000,28,1.18576e-321,0,0,224,/mnt/c/Users/Sam/Documents/Repositories/Codebases/knobab/scripts/support_pipeline.yaml,ChainPrecedence25,marking,FastOperator_v1,0,25,0.3625,0.013,15.5067,175.756,No,1,,SQLMiner + TraceInfo,1000,ChainPrecedence25,
/mnt/c/Users/Sam/Documents/Repositories/Codebases/knobab/data/testing/hospital/1000/Hospital_Log_1000.xes,F,2023.95,129.326,1000,28,1.18576e-321,0,0,224,/mnt/c/Users/Sam/Documents/Repositories/Codebases/knobab/scripts/support_pipeline.yaml,ChainPrecedence25,marking,FastOperator_v1,0,25,0.3575,0.0128,16.6035,205.233,No,1,,SQLMiner + TraceInfo,1000,ChainPrecedence25,
/mnt/c/Users/Sam/Documents/Repositories/Codebases/knobab/data/testing/hospital/10/Hospital_Log_10.xes,F,169.704,2.7979,10,26,1.18576e-321,0,0,224,/mnt/c/Users/Sam/Documents/Repositories/Codebases/knobab/scripts/maxsat_pipeline.yaml,RespExistence25,marking,FastOperator_v1,0,25,0.069,0.6788,0.142,0.044,No,1,,SQLMiner,10,RespondedExistence25,6.206
/mnt/c/Users/Sam/Documents/Repositories/Codebases/knobab/data/testing/hospital/10/Hospital_Log_10.xes,F,233.294,3.3886,10,26,1.18576e-321,0,0,224,/mnt/c/Users/Sam/Documents/Repositories/Codebases/knobab/scripts/maxsat_pipeline.yaml,RespExistence25,marking,FastOperator_v1,0,25,0.1037,0.0141,0.1583,0.0412,No,1,,SQLMiner,10,RespondedExistence25,6.408
/mnt/c/Users/Sam/Documents/Repositories/Codebases/knobab/data/testing/hospital/10/Hospital_Log_10.xes,F,231.334,3.3188,10,26,1.18576e-321,0,0,224,/mnt/c/Users/Sam/Documents/Repositories/Codebases/knobab/scripts/maxsat_pipeline.yaml,RespExistence25,marking,FastOperator_v1,0,25,0.0681,0.0138,0.1775,0.0466,No,1,,SQLMiner,10,RespondedExistence25,6.432
/mnt/c/Users/Sam/Documents/Repositories/Codebases/knobab/data/testing/hospital/10/Hospital_Log_10.xes,F,183.228,3.2114,10,26,1.18576e-321,0,0,224,/mnt/c/Users/Sam/Documents/Repositories/Codebases/knobab/scripts/maxsat_pipeline.yaml,RespExistence25,marking,FastOperator_v1,0,25,0.0673,0.0142,0.1886,0.0408,No,1,,SQLMiner,10,RespondedExistence25,6.325
/mnt/c/Users/Sam/Documents/Repositories/Codebases/knobab/data/testing/hospital/10/Hospital_Log_10.xes,F,171.478,3.3238,10,26,1.18576e-321,0,0,224,/mnt/c/Users/Sam/Documents/Repositories/Codebases/knobab/scripts/maxsat_pipeline.yaml,RespExistence25,marking,FastOperator_v1,0,25,0.0778,0.0228,0.1496,0.0415,No,1,,SQLMiner,10,RespondedExistence25,6.141
/mnt/c/Users/Sam/Documents/Repositories/Codebases/knobab/data/testing/hospital/100/Hospital_Log_100.xes,F,789.775,29.2985,100,26,1.18576e-321,0,0,224,/mnt/c/Users/Sam/Documents/Repositories/Codebases/knobab/scripts/maxsat_pipeline.yaml,RespExistence25,marking,FastOperator_v1,0,25,0.2328,1.3659,0.233,0.3493,No,1,,SQLMiner,100,RespondedExistence25,35.608
/mnt/c/Users/Sam/Documents/Repositories/Codebases/knobab/data/testing/hospital/100/Hospital_Log_100.xes,F,361.111,13.227,100,26,1.18576e-321,0,0,224,/mnt/c/Users/Sam/Documents/Repositories/Codebases/knobab/scripts/maxsat_pipeline.yaml,RespExistence25,marking,FastOperator_v1,0,25,0.1865,0.0134,0.2049,0.2963,No,1,,SQLMiner,100,RespondedExistence25,35.188
/mnt/c/Users/Sam/Documents/Repositories/Codebases/knobab/data/testing/hospital/100/Hospital_Log_100.xes,F,318.057,13.1429,100,26,1.18576e-321,0,0,224,/mnt/c/Users/Sam/Documents/Repositories/Codebases/knobab/scripts/maxsat_pipeline.yaml,RespExistence25,marking,FastOperator_v1,0,25,0.1709,0.0344,0.1944,0.2731,No,1,,SQLMiner,100,RespondedExistence25,35.447
/mnt/c/Users/Sam/Documents/Repositories/Codebases/knobab/data/testing/hospital/100/Hospital_Log_100.xes,F,316.691,14.837,100,26,1.18576e-321,0,0,224,/mnt/c/Users/Sam/Documents/Repositories/Codebases/knobab/scripts/maxsat_pipeline.yaml,RespExistence25,marking,FastOperator_v1,0,25,0.2035,0.0335,0.16,0.2595,No,1,,SQLMiner,100,RespondedExistence25,35.081
/mnt/c/Users/Sam/Documents/Repositories/Codebases/knobab/data/testing/hospital/100/Hospital_Log_100.xes,F,380.513,15.4733,100,26,1.18576e-321,0,0,224,/mnt/c/Users/Sam/Documents/Repositories/Codebases/knobab/scripts/maxsat_pipeline.yaml,RespExistence25,marking,FastOperator_v1,0,25,0.1908,0.0125,0.2222,0.2533,No,1,,SQLMiner,100,RespondedExistence25,35.131
/mnt/c/Users/Sam/Documents/Repositories/Codebases/knobab/data/testing/hospital/1000/Hospital_Log_1000.xes,F,2683.75,182.625,1000,28,1.18576e-321,0,0,224,/mnt/c/Users/Sam/Documents/Repositories/Codebases/knobab/scripts/maxsat_pipeline.yaml,RespExistence25,marking,FastOperator_v1,0,25,0.3995,0.7959,0.1974,1.6849,No,1,,SQLMiner,1000,RespondedExistence25,520.568
/mnt/c/Users/Sam/Documents/Repositories/Codebases/knobab/data/testing/hospital/1000/Hospital_Log_1000.xes,F,2155.23,148.4,1000,28,1.18576e-321,0,0,224,/mnt/c/Users/Sam/Documents/Repositories/Codebases/knobab/scripts/maxsat_pipeline.yaml,RespExistence25,marking,FastOperator_v1,0,25,0.3729,0.0137,0.1321,1.606,No,1,,SQLMiner,1000,RespondedExistence25,498.118
/mnt/c/Users/Sam/Documents/Repositories/Codebases/knobab/data/testing/hospital/1000/Hospital_Log_1000.xes,F,2007.08,125.376,1000,28,1.18576e-321,0,0,224,/mnt/c/Users/Sam/Documents/Repositories/Codebases/knobab/scripts/maxsat_pipeline.yaml,RespExistence25,marking,FastOperator_v1,0,25,0.2872,0.0323,0.1223,1.547,No,1,,SQLMiner,1000,RespondedExistence25,500.41
/mnt/c/Users/Sam/Documents/Repositories/Codebases/knobab/data/testing/hospital/1000/Hospital_Log_1000.xes,F,1916.35,124.854,1000,28,1.18576e-321,0,0,224,/mnt/c/Users/Sam/Documents/Repositories/Codebases/knobab/scripts/maxsat_pipeline.yaml,RespExistence25,marking,FastOperator_v1,0,25,0.4685,0.0131,0.12,1.457,No,1,,SQLMiner,1000,RespondedExistence25,496.685
/mnt/c/Users/Sam/Documents/Repositories/Codebases/knobab/data/testing/hospital/1000/Hospital_Log_1000.xes,F,1989.98,140.262,1000,28,1.18576e-321,0,0,224,/mnt/c/Users/Sam/Documents/Repositories/Codebases/knobab/scripts/maxsat_pipeline.yaml,RespExistence25,marking,FastOperator_v1,0,25,0.2601,0.0375,0.1563,1.9663,No,1,,SQLMiner,1000,RespondedExistence25,498.374
/mnt/c/Users/Sam/Documents/Repositories/Codebases/knobab/data/testing/hospital/10/Hospital_Log_10.xes,F,146.688,2.8049,10,26,1.18576e-321,0,0,224,/mnt/c/Users/Sam/Documents/Repositories/Codebases/knobab/scripts/support_pipeline.yaml,RespExistence25,marking,FastOperator_v1,0,25,0.1198,1.1803,0.1679,0.0487,No,1,,SQLMiner + TraceInfo,10,RespondedExistence25,394.971
/mnt/c/Users/Sam/Documents/Repositories/Codebases/knobab/data/testing/hospital/10/Hospital_Log_10.xes,F,192.161,3.6146,10,26,1.18576e-321,0,0,224,/mnt/c/Users/Sam/Documents/Repositories/Codebases/knobab/scripts/support_pipeline.yaml,RespExistence25,marking,FastOperator_v1,0,25,0.0777,0.0144,0.1593,0.0456,No,1,,SQLMiner + TraceInfo,10,RespondedExistence25,389.404
/mnt/c/Users/Sam/Documents/Repositories/Codebases/knobab/data/testing/hospital/10/Hospital_Log_10.xes,F,240.867,3.7433,10,26,1.18576e-321,0,0,224,/mnt/c/Users/Sam/Documents/Repositories/Codebases/knobab/scripts/support_pipeline.yaml,RespExistence25,marking,FastOperator_v1,0,25,0.1447,0.0207,0.1788,0.0454,No,1,,SQLMiner + TraceInfo,10,RespondedExistence25,387.062
/mnt/c/Users/Sam/Documents/Repositories/Codebases/knobab/data/testing/hospital/10/Hospital_Log_10.xes,F,250.925,3.5291,10,26,1.18576e-321,0,0,224,/mnt/c/Users/Sam/Documents/Repositories/Codebases/knobab/scripts/support_pipeline.yaml,RespExistence25,marking,FastOperator_v1,0,25,0.0694,0.0149,0.1978,0.0546,No,1,,SQLMiner + TraceInfo,10,RespondedExistence25,386.797
/mnt/c/Users/Sam/Documents/Repositories/Codebases/knobab/data/testing/hospital/10/Hospital_Log_10.xes,F,196.144,3.5813,10,26,1.18576e-321,0,0,224,/mnt/c/Users/Sam/Documents/Repositories/Codebases/knobab/scripts/support_pipeline.yaml,RespExistence25,marking,FastOperator_v1,0,25,0.0605,0.0131,0.175,0.045,No,1,,SQLMiner + TraceInfo,10,RespondedExistence25,387.032
/mnt/c/Users/Sam/Documents/Repositories/Codebases/knobab/data/testing/hospital/100/Hospital_Log_100.xes,F,375.988,34.9656,100,26,1.18576e-321,0,0,224,/mnt/c/Users/Sam/Documents/Repositories/Codebases/knobab/scripts/support_pipeline.yaml,RespExistence25,marking,FastOperator_v1,0,25,0.2311,0.9449,0.3642,0.5938,No,1,,SQLMiner + TraceInfo,100,RespondedExistence25,2331.093
/mnt/c/Users/Sam/Documents/Repositories/Codebases/knobab/data/testing/hospital/100/Hospital_Log_100.xes,F,403.425,15.5382,100,26,1.18576e-321,0,0,224,/mnt/c/Users/Sam/Documents/Repositories/Codebases/knobab/scripts/support_pipeline.yaml,RespExistence25,marking,FastOperator_v1,0,25,0.1017,0.0211,0.1491,0.2405,No,1,,SQLMiner + TraceInfo,100,RespondedExistence25,2103.396
/mnt/c/Users/Sam/Documents/Repositories/Codebases/knobab/data/testing/hospital/100/Hospital_Log_100.xes,F,305.924,15.3981,100,26,1.18576e-321,0,0,224,/mnt/c/Users/Sam/Documents/Repositories/Codebases/knobab/scripts/support_pipeline.yaml,RespExistence25,marking,FastOperator_v1,0,25,0.2101,0.0125,0.1776,0.2598,No,1,,SQLMiner + TraceInfo,100,RespondedExistence25,2096.601
/mnt/c/Users/Sam/Documents/Repositories/Codebases/knobab/data/testing/hospital/100/Hospital_Log_100.xes,F,299.262,13.6058,100,26,1.18576e-321,0,0,224,/mnt/c/Users/Sam/Documents/Repositories/Codebases/knobab/scripts/support_pipeline.yaml,RespExistence25,marking,FastOperator_v1,0,25,0.2272,0.0383,0.1611,0.2443,No,1,,SQLMiner + TraceInfo,100,RespondedExistence25,2172.086
/mnt/c/Users/Sam/Documents/Repositories/Codebases/knobab/data/testing/hospital/100/Hospital_Log_100.xes,F,363.798,18.2987,100,26,1.18576e-321,0,0,224,/mnt/c/Users/Sam/Documents/Repositories/Codebases/knobab/scripts/support_pipeline.yaml,RespExistence25,marking,FastOperator_v1,0,25,0.1091,0.0121,0.1333,0.2121,No,1,,SQLMiner + TraceInfo,100,RespondedExistence25,2168.561
/mnt/c/Users/Sam/Documents/Repositories/Codebases/knobab/data/testing/hospital/1000/Hospital_Log_1000.xes,F,2439.64,179.331,1000,28,1.18576e-321,0,0,224,/mnt/c/Users/Sam/Documents/Repositories/Codebases/knobab/scripts/support_pipeline.yaml,RespExistence25,marking,FastOperator_v1,0,25,0.2438,0.6082,0.1667,1.8432,No,1,,SQLMiner + TraceInfo,1000,RespondedExistence25,243338.234
/mnt/c/Users/Sam/Documents/Repositories/Codebases/knobab/data/testing/hospital/1000/Hospital_Log_1000.xes,F,2176.43,155.561,1000,28,1.18576e-321,0,0,224,/mnt/c/Users/Sam/Documents/Repositories/Codebases/knobab/scripts/support_pipeline.yaml,RespExistence25,marking,FastOperator_v1,0,25,0.2165,0.0149,0.1366,1.658,No,1,,SQLMiner + TraceInfo,1000,RespondedExistence25,236601.155
/mnt/c/Users/Sam/Documents/Repositories/Codebases/knobab/data/testing/hospital/1000/Hospital_Log_1000.xes,F,1870.51,127.153,1000,28,1.18576e-321,0,0,224,/mnt/c/Users/Sam/Documents/Repositories/Codebases/knobab/scripts/support_pipeline.yaml,RespExistence25,marking,FastOperator_v1,0,25,0.3083,0.0124,0.1206,1.7357,No,1,,SQLMiner + TraceInfo,1000,RespondedExistence25,243950.204
/mnt/c/Users/Sam/Documents/Repositories/Codebases/knobab/data/testing/hospital/1000/Hospital_Log_1000.xes,F,1734.32,126.34,1000,28,1.18576e-321,0,0,224,/mnt/c/Users/Sam/Documents/Repositories/Codebases/knobab/scripts/support_pipeline.yaml,RespExistence25,marking,FastOperator_v1,0,25,0.3826,0.0128,0.1241,1.4917,No,1,,SQLMiner + TraceInfo,1000,RespondedExistence25,234164.497
/mnt/c/Users/Sam/Documents/Repositories/Codebases/knobab/data/testing/hospital/1000/Hospital_Log_1000.xes,F,1775.34,137.992,1000,28,1.18576e-321,0,0,224,/mnt/c/Users/Sam/Documents/Repositories/Codebases/knobab/scripts/support_pipeline.yaml,RespExistence25,marking,FastOperator_v1,0,25,0.4955,0.0635,0.1312,1.5341,No,1,,SQLMiner + TraceInfo,1000,RespondedExistence25,232851.212
,,,,,,,,,,,,,,,,,,,,,,,SQLMiner,10,NotSuccession25,462.578
,,,,,,,,,,,,,,,,,,,,,,,SQLMiner,10,NotSuccession25,446.307
,,,,,,,,,,,,,,,,,,,,,,,SQLMiner,10,NotSuccession25,446.062
,,,,,,,,,,,,,,,,,,,,,,,SQLMiner,10,NotSuccession25,447.098
,,,,,,,,,,,,,,,,,,,,,,,SQLMiner,10,NotSuccession25,451.839
,,,,,,,,,,,,,,,,,,,,,,,SQLMiner,100,NotSuccession25,2331.093
,,,,,,,,,,,,,,,,,,,,,,,SQLMiner,100,NotSuccession25,2103.396
,,,,,,,,,,,,,,,,,,,,,,,SQLMiner,100,NotSuccession25,2096.601
,,,,,,,,,,,,,,,,,,,,,,,SQLMiner,100,NotSuccession25,2172.086
,,,,,,,,,,,,,,,,,,,,,,,SQLMiner,100,NotSuccession25,2168.561
,,,,,,,,,,,,,,,,,,,,,,,SQLMiner,1000,NotSuccession25,651330.434
,,,,,,,,,,,,,,,,,,,,,,,SQLMiner,1000,NotSuccession25,663379.427
,,,,,,,,,,,,,,,,,,,,,,,SQLMiner,1000,NotSuccession25,653513.065
,,,,,,,,,,,,,,,,,,,,,,,SQLMiner,1000,NotSuccession25,
,,,,,,,,,,,,,,,,,,,,,,,SQLMiner,1000,NotSuccession25,
,,,,,,,,,,,,,,,,,,,,,,,SQLMiner + TraceInfo,10,NotSuccession25,486.404
,,,,,,,,,,,,,,,,,,,,,,,SQLMiner + TraceInfo,10,NotSuccession25,474.936
,,,,,,,,,,,,,,,,,,,,,,,SQLMiner + TraceInfo,10,NotSuccession25,474.803
,,,,,,,,,,,,,,,,,,,,,,,SQLMiner + TraceInfo,10,NotSuccession25,475.82
,,,,,,,,,,,,,,,,,,,,,,,SQLMiner + TraceInfo,10,NotSuccession25,474.163
,,,,,,,,,,,,,,,,,,,,,,,SQLMiner + TraceInfo,100,NotSuccession25,2331.093
,,,,,,,,,,,,,,,,,,,,,,,SQLMiner + TraceInfo,100,NotSuccession25,2103.396
,,,,,,,,,,,,,,,,,,,,,,,SQLMiner + TraceInfo,100,NotSuccession25,2096.601
,,,,,,,,,,,,,,,,,,,,,,,SQLMiner + TraceInfo,100,NotSuccession25,2172.086
,,,,,,,,,,,,,,,,,,,,,,,SQLMiner + TraceInfo,100,NotSuccession25,2168.561
,,,,,,,,,,,,,,,,,,,,,,,SQLMiner + TraceInfo,1000,NotSuccession25,
,,,,,,,,,,,,,,,,,,,,,,,SQLMiner + TraceInfo,1000,NotSuccession25,
,,,,,,,,,,,,,,,,,,,,,,,SQLMiner + TraceInfo,1000,NotSuccession25,
,,,,,,,,,,,,,,,,,,,,,,,SQLMiner + TraceInfo,1000,NotSuccession25,
,,,,,,,,,,,,,,,,,,,,,,,SQLMiner + TraceInfo,1000,NotSuccession25,
