log_filename,with_data,log_loading_and_parsing_ms,log_indexing_ms,n_traces,n_acts,log_trace_average_length,log_trace_variance,most_frequent_trace_length,trace_length_frequency,atomization_conf,atomization_type,model_filename,queries_plan,operators_version,model_parsing_ms,model_size,model_data_decomposition_time,model_atomization_time,model_declare_to_ltlf,model_ltlf_query_time,is_multithreaded,no_threads,scheduling_strategy,model_type
data/bpic_2012/data/original/bpi12_knobab.xes,F,1097.49,245.63,13087,25,21,399.223,94315791176360,94315808289296,scripts/intersection_pipeline.yaml,AtomizeOnlyOnDataPredicates,data/bpic_2012/models/scenario_1/5.powerdecl,marking,FastOperator_v1,0.590196,7,0.032278,0.008446,0.156458,39.5033,No,1,BLOCK_STATIC_SCHEDULE,SCENARIO_1
data/bpic_2012/data/original/bpi12_knobab.xes,F,1028.72,251.783,13087,25,21,399.223,94315791176360,94315808289296,scripts/intersection_pipeline.yaml,AtomizeOnlyOnDataPredicates,data/bpic_2012/models/scenario_1/5.powerdecl,marking,FastOperator_v1,0.160991,7,0.030006,0.008637,0.174109,38.7125,No,1,BLOCK_STATIC_SCHEDULE,SCENARIO_1
data/bpic_2012/data/original/bpi12_knobab.xes,F,1014.58,252.427,13087,25,21,399.223,94315791176360,94315808289296,scripts/intersection_pipeline.yaml,AtomizeOnlyOnDataPredicates,data/bpic_2012/models/scenario_1/5.powerdecl,marking,FastOperator_v1,0.161173,7,0.027244,0.008024,0.152343,40.8506,No,1,BLOCK_STATIC_SCHEDULE,SCENARIO_1
data/bpic_2012/data/original/bpi12_knobab.xes,F,1019.64,256.485,13087,25,21,399.223,94315791176360,94315808289296,scripts/intersection_pipeline.yaml,AtomizeOnlyOnDataPredicates,data/bpic_2012/models/scenario_1/5.powerdecl,marking,FastOperator_v1,0.160449,7,0.026444,0.00722,0.148344,38.7062,No,1,BLOCK_STATIC_SCHEDULE,SCENARIO_1
data/bpic_2012/data/original/bpi12_knobab.xes,F,1015.21,261.09,13087,25,21,399.223,94315791176360,94315808289296,scripts/intersection_pipeline.yaml,AtomizeOnlyOnDataPredicates,data/bpic_2012/models/scenario_1/5.powerdecl,marking,FastOperator_v1,0.148709,7,0.028019,0.008097,0.149958,38.1153,No,1,BLOCK_STATIC_SCHEDULE,SCENARIO_1
data/bpic_2012/data/original/bpi12_knobab.xes,F,1098.73,257.983,13087,25,21,399.223,94528013169320,94528030519824,scripts/support_pipeline.yaml,AtomizeOnlyOnDataPredicates,data/bpic_2012/models/scenario_1/5.powerdecl,marking,FastOperator_v1,0.669292,7,0.028576,0.007863,0.148355,43.8089,No,1,BLOCK_STATIC_SCHEDULE,SCENARIO_1
data/bpic_2012/data/original/bpi12_knobab.xes,F,1025.92,261.102,13087,25,21,399.223,94528013169320,94528030519824,scripts/support_pipeline.yaml,AtomizeOnlyOnDataPredicates,data/bpic_2012/models/scenario_1/5.powerdecl,marking,FastOperator_v1,0.16124,7,0.026947,0.007927,0.149558,43.0399,No,1,BLOCK_STATIC_SCHEDULE,SCENARIO_1
data/bpic_2012/data/original/bpi12_knobab.xes,F,1009.59,254.403,13087,25,21,399.223,94528013169320,94528030519824,scripts/support_pipeline.yaml,AtomizeOnlyOnDataPredicates,data/bpic_2012/models/scenario_1/5.powerdecl,marking,FastOperator_v1,0.160362,7,0.025631,0.008131,0.151513,40.5674,No,1,BLOCK_STATIC_SCHEDULE,SCENARIO_1
data/bpic_2012/data/original/bpi12_knobab.xes,F,1011.34,254.504,13087,25,21,399.223,94528013169320,94528030519824,scripts/support_pipeline.yaml,AtomizeOnlyOnDataPredicates,data/bpic_2012/models/scenario_1/5.powerdecl,marking,FastOperator_v1,0.162221,7,0.095801,0.027769,0.150252,43.4993,No,1,BLOCK_STATIC_SCHEDULE,SCENARIO_1
data/bpic_2012/data/original/bpi12_knobab.xes,F,1013.66,250.284,13087,25,21,399.223,94528013169320,94528030519824,scripts/support_pipeline.yaml,AtomizeOnlyOnDataPredicates,data/bpic_2012/models/scenario_1/5.powerdecl,marking,FastOperator_v1,0.167477,7,0.028146,0.008111,0.203765,42.2777,No,1,BLOCK_STATIC_SCHEDULE,SCENARIO_1
data/bpic_2012/data/original/bpi12_knobab.xes,F,1111.24,243.799,13087,25,21,399.223,94355557659304,94355592278544,scripts/intersection_pipeline.yaml,AtomizeOnlyOnDataPredicates,data/bpic_2012/models/scenario_1/10.powerdecl,marking,FastOperator_v1,0.716803,14,0.04172,0.016747,0.235361,118.621,No,1,BLOCK_STATIC_SCHEDULE,SCENARIO_1
data/bpic_2012/data/original/bpi12_knobab.xes,F,1040.93,260.477,13087,25,21,399.223,94355557659304,94355592278544,scripts/intersection_pipeline.yaml,AtomizeOnlyOnDataPredicates,data/bpic_2012/models/scenario_1/10.powerdecl,marking,FastOperator_v1,0.244347,14,0.08512,0.05354,0.282527,117.948,No,1,BLOCK_STATIC_SCHEDULE,SCENARIO_1
data/bpic_2012/data/original/bpi12_knobab.xes,F,1026.74,274.2,13087,25,21,399.223,94355557659304,94355592278544,scripts/intersection_pipeline.yaml,AtomizeOnlyOnDataPredicates,data/bpic_2012/models/scenario_1/10.powerdecl,marking,FastOperator_v1,0.24277,14,0.060615,0.017421,0.448707,117.729,No,1,BLOCK_STATIC_SCHEDULE,SCENARIO_1
data/bpic_2012/data/original/bpi12_knobab.xes,F,1030.23,252.98,13087,25,21,399.223,94355557659304,94355592278544,scripts/intersection_pipeline.yaml,AtomizeOnlyOnDataPredicates,data/bpic_2012/models/scenario_1/10.powerdecl,marking,FastOperator_v1,0.239067,14,0.041562,0.017635,0.264943,118.58,No,1,BLOCK_STATIC_SCHEDULE,SCENARIO_1
data/bpic_2012/data/original/bpi12_knobab.xes,F,1027.35,263.006,13087,25,21,399.223,94355557659304,94355592278544,scripts/intersection_pipeline.yaml,AtomizeOnlyOnDataPredicates,data/bpic_2012/models/scenario_1/10.powerdecl,marking,FastOperator_v1,0.242008,14,0.105758,0.050768,0.281276,120.172,No,1,BLOCK_STATIC_SCHEDULE,SCENARIO_1
data/bpic_2012/data/original/bpi12_knobab.xes,F,1115.41,243.607,13087,25,21,399.223,94784920179368,94784925422096,scripts/support_pipeline.yaml,AtomizeOnlyOnDataPredicates,data/bpic_2012/models/scenario_1/10.powerdecl,marking,FastOperator_v1,0.717102,14,0.042618,0.017604,0.273139,140.347,No,1,BLOCK_STATIC_SCHEDULE,SCENARIO_1
data/bpic_2012/data/original/bpi12_knobab.xes,F,1040.63,260.812,13087,25,21,399.223,94784920179368,94784925422096,scripts/support_pipeline.yaml,AtomizeOnlyOnDataPredicates,data/bpic_2012/models/scenario_1/10.powerdecl,marking,FastOperator_v1,0.24086,14,0.041693,0.036579,0.263044,142.974,No,1,BLOCK_STATIC_SCHEDULE,SCENARIO_1
data/bpic_2012/data/original/bpi12_knobab.xes,F,1024.98,249.775,13087,25,21,399.223,94784920179368,94784925422096,scripts/support_pipeline.yaml,AtomizeOnlyOnDataPredicates,data/bpic_2012/models/scenario_1/10.powerdecl,marking,FastOperator_v1,0.244204,14,0.04378,0.016542,0.280029,137.945,No,1,BLOCK_STATIC_SCHEDULE,SCENARIO_1
data/bpic_2012/data/original/bpi12_knobab.xes,F,1025.33,257.017,13087,25,21,399.223,94784920179368,94784925422096,scripts/support_pipeline.yaml,AtomizeOnlyOnDataPredicates,data/bpic_2012/models/scenario_1/10.powerdecl,marking,FastOperator_v1,0.242992,14,0.040438,0.016903,0.253799,140.62,No,1,BLOCK_STATIC_SCHEDULE,SCENARIO_1
data/bpic_2012/data/original/bpi12_knobab.xes,F,1031.53,255.454,13087,25,21,399.223,94784920179368,94784925422096,scripts/support_pipeline.yaml,AtomizeOnlyOnDataPredicates,data/bpic_2012/models/scenario_1/10.powerdecl,marking,FastOperator_v1,0.24092,14,0.067755,0.020668,0.281236,140.762,No,1,BLOCK_STATIC_SCHEDULE,SCENARIO_1
data/bpic_2012/data/original/bpi12_knobab.xes,F,1095.19,246.528,13087,25,21,399.223,94826003993256,94826026164752,scripts/intersection_pipeline.yaml,AtomizeOnlyOnDataPredicates,data/bpic_2012/models/scenario_1/15.powerdecl,marking,FastOperator_v1,0.887068,22,0.053253,0.028897,0.316381,167.779,No,1,BLOCK_STATIC_SCHEDULE,SCENARIO_1
data/bpic_2012/data/original/bpi12_knobab.xes,F,1036.53,260.448,13087,25,21,399.223,94826003993256,94826026164752,scripts/intersection_pipeline.yaml,AtomizeOnlyOnDataPredicates,data/bpic_2012/models/scenario_1/15.powerdecl,marking,FastOperator_v1,0.731735,22,0.08645,0.029416,0.385711,172.002,No,1,BLOCK_STATIC_SCHEDULE,SCENARIO_1
data/bpic_2012/data/original/bpi12_knobab.xes,F,1042.36,259.768,13087,25,21,399.223,94826003993256,94826026164752,scripts/intersection_pipeline.yaml,AtomizeOnlyOnDataPredicates,data/bpic_2012/models/scenario_1/15.powerdecl,marking,FastOperator_v1,0.358215,22,0.051219,0.028893,0.370213,165.801,No,1,BLOCK_STATIC_SCHEDULE,SCENARIO_1
data/bpic_2012/data/original/bpi12_knobab.xes,F,1026.97,267.212,13087,25,21,399.223,94826003993256,94826026164752,scripts/intersection_pipeline.yaml,AtomizeOnlyOnDataPredicates,data/bpic_2012/models/scenario_1/15.powerdecl,marking,FastOperator_v1,0.353935,22,0.052208,0.044682,0.416086,167.61,No,1,BLOCK_STATIC_SCHEDULE,SCENARIO_1
data/bpic_2012/data/original/bpi12_knobab.xes,F,1010.94,255.062,13087,25,21,399.223,94826003993256,94826026164752,scripts/intersection_pipeline.yaml,AtomizeOnlyOnDataPredicates,data/bpic_2012/models/scenario_1/15.powerdecl,marking,FastOperator_v1,0.399328,22,0.086963,0.04404,0.385333,168.863,No,1,BLOCK_STATIC_SCHEDULE,SCENARIO_1
data/bpic_2012/data/original/bpi12_knobab.xes,F,1102.01,242.614,13087,25,21,399.223,94254519558824,94254543352336,scripts/support_pipeline.yaml,AtomizeOnlyOnDataPredicates,data/bpic_2012/models/scenario_1/15.powerdecl,marking,FastOperator_v1,0.867251,22,0.053936,0.029854,0.32619,191.542,No,1,BLOCK_STATIC_SCHEDULE,SCENARIO_1
data/bpic_2012/data/original/bpi12_knobab.xes,F,1022.94,257.602,13087,25,21,399.223,94254519558824,94254543352336,scripts/support_pipeline.yaml,AtomizeOnlyOnDataPredicates,data/bpic_2012/models/scenario_1/15.powerdecl,marking,FastOperator_v1,0.356835,22,0.053286,0.044122,0.394524,186.94,No,1,BLOCK_STATIC_SCHEDULE,SCENARIO_1
data/bpic_2012/data/original/bpi12_knobab.xes,F,1019.78,249.655,13087,25,21,399.223,94254519558824,94254543352336,scripts/support_pipeline.yaml,AtomizeOnlyOnDataPredicates,data/bpic_2012/models/scenario_1/15.powerdecl,marking,FastOperator_v1,0.357512,22,0.056524,0.031179,0.50659,184.875,No,1,BLOCK_STATIC_SCHEDULE,SCENARIO_1
data/bpic_2012/data/original/bpi12_knobab.xes,F,1018.03,256.547,13087,25,21,399.223,94254519558824,94254543352336,scripts/support_pipeline.yaml,AtomizeOnlyOnDataPredicates,data/bpic_2012/models/scenario_1/15.powerdecl,marking,FastOperator_v1,0.358548,22,0.085144,0.062867,0.423066,183.587,No,1,BLOCK_STATIC_SCHEDULE,SCENARIO_1
data/bpic_2012/data/original/bpi12_knobab.xes,F,1014.28,259.459,13087,25,21,399.223,94254519558824,94254543352336,scripts/support_pipeline.yaml,AtomizeOnlyOnDataPredicates,data/bpic_2012/models/scenario_1/15.powerdecl,marking,FastOperator_v1,0.35789,22,0.088119,0.059662,0.397764,187.082,No,1,BLOCK_STATIC_SCHEDULE,SCENARIO_1
data/bpic_2012/data/original/bpi12_knobab.xes,F,1086.41,247.249,13087,25,21,399.223,94624693453480,94624729317904,scripts/intersection_pipeline.yaml,AtomizeOnlyOnDataPredicates,data/bpic_2012/models/scenario_1/20.powerdecl,marking,FastOperator_v1,1.28939,30,0.058506,0.073194,0.412445,206.934,No,1,BLOCK_STATIC_SCHEDULE,SCENARIO_1
data/bpic_2012/data/original/bpi12_knobab.xes,F,1026.23,254.614,13087,25,21,399.223,94624693453480,94624729317904,scripts/intersection_pipeline.yaml,AtomizeOnlyOnDataPredicates,data/bpic_2012/models/scenario_1/20.powerdecl,marking,FastOperator_v1,0.471466,30,0.057773,0.039775,0.485759,202.75,No,1,BLOCK_STATIC_SCHEDULE,SCENARIO_1
data/bpic_2012/data/original/bpi12_knobab.xes,F,1014.32,246.341,13087,25,21,399.223,94624693453480,94624729317904,scripts/intersection_pipeline.yaml,AtomizeOnlyOnDataPredicates,data/bpic_2012/models/scenario_1/20.powerdecl,marking,FastOperator_v1,0.52457,30,0.091048,0.079458,0.487249,202.458,No,1,BLOCK_STATIC_SCHEDULE,SCENARIO_1
data/bpic_2012/data/original/bpi12_knobab.xes,F,1010.09,251.906,13087,25,21,399.223,94624693453480,94624729317904,scripts/intersection_pipeline.yaml,AtomizeOnlyOnDataPredicates,data/bpic_2012/models/scenario_1/20.powerdecl,marking,FastOperator_v1,0.555196,30,0.055325,0.03897,0.474127,206.295,No,1,BLOCK_STATIC_SCHEDULE,SCENARIO_1
data/bpic_2012/data/original/bpi12_knobab.xes,F,1011.14,258.12,13087,25,21,399.223,94624693453480,94624729317904,scripts/intersection_pipeline.yaml,AtomizeOnlyOnDataPredicates,data/bpic_2012/models/scenario_1/20.powerdecl,marking,FastOperator_v1,0.486078,30,0.059536,0.039511,0.486044,203.207,No,1,BLOCK_STATIC_SCHEDULE,SCENARIO_1
data/bpic_2012/data/original/bpi12_knobab.xes,F,1104.18,252.995,13087,25,21,399.223,94210989421224,94211012829712,scripts/support_pipeline.yaml,AtomizeOnlyOnDataPredicates,data/bpic_2012/models/scenario_1/20.powerdecl,marking,FastOperator_v1,1.00214,30,0.06516,0.040428,0.459672,229.461,No,1,BLOCK_STATIC_SCHEDULE,SCENARIO_1
data/bpic_2012/data/original/bpi12_knobab.xes,F,1028.91,258.006,13087,25,21,399.223,94210989421224,94211012829712,scripts/support_pipeline.yaml,AtomizeOnlyOnDataPredicates,data/bpic_2012/models/scenario_1/20.powerdecl,marking,FastOperator_v1,0.485581,30,0.057037,0.039677,0.489816,228.565,No,1,BLOCK_STATIC_SCHEDULE,SCENARIO_1
data/bpic_2012/data/original/bpi12_knobab.xes,F,1015.56,257.712,13087,25,21,399.223,94210989421224,94211012829712,scripts/support_pipeline.yaml,AtomizeOnlyOnDataPredicates,data/bpic_2012/models/scenario_1/20.powerdecl,marking,FastOperator_v1,0.470544,30,0.058543,0.039581,0.486536,223.606,No,1,BLOCK_STATIC_SCHEDULE,SCENARIO_1
data/bpic_2012/data/original/bpi12_knobab.xes,F,1020.24,255.551,13087,25,21,399.223,94210989421224,94211012829712,scripts/support_pipeline.yaml,AtomizeOnlyOnDataPredicates,data/bpic_2012/models/scenario_1/20.powerdecl,marking,FastOperator_v1,0.518274,30,0.057807,0.040168,0.486951,235.17,No,1,BLOCK_STATIC_SCHEDULE,SCENARIO_1
data/bpic_2012/data/original/bpi12_knobab.xes,F,1014.52,248.36,13087,25,21,399.223,94210989421224,94211012829712,scripts/support_pipeline.yaml,AtomizeOnlyOnDataPredicates,data/bpic_2012/models/scenario_1/20.powerdecl,marking,FastOperator_v1,0.473951,30,0.05751,0.076644,0.494845,223,No,1,BLOCK_STATIC_SCHEDULE,SCENARIO_1
data/bpic_2012/data/original/bpi12_knobab.xes,F,1119.05,254.918,13087,25,21,399.223,94455918043816,94455951905296,scripts/intersection_pipeline.yaml,AtomizeOnlyOnDataPredicates,data/bpic_2012/models/scenario_2/q1.powerdecl,marking,FastOperator_v1,0.245393,1,0.008239,0.000656,0.099259,17.0649,No,1,BLOCK_STATIC_SCHEDULE,SCENARIO_2
data/bpic_2012/data/original/bpi12_knobab.xes,F,1056.29,256.766,13087,25,21,399.223,94455918043816,94455951905296,scripts/intersection_pipeline.yaml,AtomizeOnlyOnDataPredicates,data/bpic_2012/models/scenario_2/q1.powerdecl,marking,FastOperator_v1,0.053142,1,0.009342,0.000685,0.096634,17.4446,No,1,BLOCK_STATIC_SCHEDULE,SCENARIO_2
data/bpic_2012/data/original/bpi12_knobab.xes,F,1036.27,255.625,13087,25,21,399.223,94455918043816,94455951905296,scripts/intersection_pipeline.yaml,AtomizeOnlyOnDataPredicates,data/bpic_2012/models/scenario_2/q1.powerdecl,marking,FastOperator_v1,0.046553,1,0.009095,0.000595,0.094586,17.5421,No,1,BLOCK_STATIC_SCHEDULE,SCENARIO_2
data/bpic_2012/data/original/bpi12_knobab.xes,F,1033.6,252.148,13087,25,21,399.223,94455918043816,94455951905296,scripts/intersection_pipeline.yaml,AtomizeOnlyOnDataPredicates,data/bpic_2012/models/scenario_2/q1.powerdecl,marking,FastOperator_v1,0.050908,1,0.011043,0.000744,0.101104,18.7759,No,1,BLOCK_STATIC_SCHEDULE,SCENARIO_2
data/bpic_2012/data/original/bpi12_knobab.xes,F,1040.82,249.529,13087,25,21,399.223,94455918043816,94455951905296,scripts/intersection_pipeline.yaml,AtomizeOnlyOnDataPredicates,data/bpic_2012/models/scenario_2/q1.powerdecl,marking,FastOperator_v1,0.07196,1,0.010235,0.000989,0.10779,19.784,No,1,BLOCK_STATIC_SCHEDULE,SCENARIO_2
data/bpic_2012/data/original/bpi12_knobab.xes,F,1109.98,245.025,13087,25,21,399.223,94865139036840,94865170358800,scripts/support_pipeline.yaml,AtomizeOnlyOnDataPredicates,data/bpic_2012/models/scenario_2/q1.powerdecl,marking,FastOperator_v1,0.244393,1,0.008496,0.000637,0.098833,18.9306,No,1,BLOCK_STATIC_SCHEDULE,SCENARIO_2
data/bpic_2012/data/original/bpi12_knobab.xes,F,1029.22,261.507,13087,25,21,399.223,94865139036840,94865170358800,scripts/support_pipeline.yaml,AtomizeOnlyOnDataPredicates,data/bpic_2012/models/scenario_2/q1.powerdecl,marking,FastOperator_v1,0.053483,1,0.008552,0.000627,0.097361,18.5809,No,1,BLOCK_STATIC_SCHEDULE,SCENARIO_2
data/bpic_2012/data/original/bpi12_knobab.xes,F,1015.45,249.445,13087,25,21,399.223,94865139036840,94865170358800,scripts/support_pipeline.yaml,AtomizeOnlyOnDataPredicates,data/bpic_2012/models/scenario_2/q1.powerdecl,marking,FastOperator_v1,0.05101,1,0.010542,0.000667,0.106231,19.9428,No,1,BLOCK_STATIC_SCHEDULE,SCENARIO_2
data/bpic_2012/data/original/bpi12_knobab.xes,F,1013.17,254.112,13087,25,21,399.223,94865139036840,94865170358800,scripts/support_pipeline.yaml,AtomizeOnlyOnDataPredicates,data/bpic_2012/models/scenario_2/q1.powerdecl,marking,FastOperator_v1,0.034761,1,0.00849,0.000609,0.093129,18.7273,No,1,BLOCK_STATIC_SCHEDULE,SCENARIO_2
data/bpic_2012/data/original/bpi12_knobab.xes,F,1015.87,254.914,13087,25,21,399.223,94865139036840,94865170358800,scripts/support_pipeline.yaml,AtomizeOnlyOnDataPredicates,data/bpic_2012/models/scenario_2/q1.powerdecl,marking,FastOperator_v1,0.036802,1,0.009894,0.000635,0.099419,19.0697,No,1,BLOCK_STATIC_SCHEDULE,SCENARIO_2
data/bpic_2012/data/original/bpi12_knobab.xes,F,1087.87,248.092,13087,25,21,399.223,94755884057256,94755915530768,scripts/intersection_pipeline.yaml,AtomizeOnlyOnDataPredicates,data/bpic_2012/models/scenario_2/q2.powerdecl,marking,FastOperator_v1,0.410659,2,0.028933,0.019896,0.100791,18.5439,No,1,BLOCK_STATIC_SCHEDULE,SCENARIO_2
data/bpic_2012/data/original/bpi12_knobab.xes,F,1025.33,260.294,13087,25,21,399.223,94755884057256,94755915530768,scripts/intersection_pipeline.yaml,AtomizeOnlyOnDataPredicates,data/bpic_2012/models/scenario_2/q2.powerdecl,marking,FastOperator_v1,0.083402,2,0.026038,0.00525,0.110305,19.315,No,1,BLOCK_STATIC_SCHEDULE,SCENARIO_2
data/bpic_2012/data/original/bpi12_knobab.xes,F,1005.83,249.881,13087,25,21,399.223,94755884057256,94755915530768,scripts/intersection_pipeline.yaml,AtomizeOnlyOnDataPredicates,data/bpic_2012/models/scenario_2/q2.powerdecl,marking,FastOperator_v1,0.083246,2,0.028123,0.004961,0.11268,21.991,No,1,BLOCK_STATIC_SCHEDULE,SCENARIO_2
data/bpic_2012/data/original/bpi12_knobab.xes,F,1005.14,256.368,13087,25,21,399.223,94755884057256,94755915530768,scripts/intersection_pipeline.yaml,AtomizeOnlyOnDataPredicates,data/bpic_2012/models/scenario_2/q2.powerdecl,marking,FastOperator_v1,0.079229,2,0.027542,0.004543,0.108143,19.063,No,1,BLOCK_STATIC_SCHEDULE,SCENARIO_2
data/bpic_2012/data/original/bpi12_knobab.xes,F,1010.42,253.243,13087,25,21,399.223,94755884057256,94755915530768,scripts/intersection_pipeline.yaml,AtomizeOnlyOnDataPredicates,data/bpic_2012/models/scenario_2/q2.powerdecl,marking,FastOperator_v1,0.088231,2,0.025586,0.018663,0.110577,19.5374,No,1,BLOCK_STATIC_SCHEDULE,SCENARIO_2
data/bpic_2012/data/original/bpi12_knobab.xes,F,1111.93,246.358,13087,25,21,399.223,94027725656744,94027740185104,scripts/support_pipeline.yaml,AtomizeOnlyOnDataPredicates,data/bpic_2012/models/scenario_2/q2.powerdecl,marking,FastOperator_v1,0.400816,2,0.029787,0.004998,0.101927,21.8667,No,1,BLOCK_STATIC_SCHEDULE,SCENARIO_2
data/bpic_2012/data/original/bpi12_knobab.xes,F,1034.27,248.237,13087,25,21,399.223,94027725656744,94027740185104,scripts/support_pipeline.yaml,AtomizeOnlyOnDataPredicates,data/bpic_2012/models/scenario_2/q2.powerdecl,marking,FastOperator_v1,0.08279,2,0.024636,0.004648,0.107225,22.6413,No,1,BLOCK_STATIC_SCHEDULE,SCENARIO_2
data/bpic_2012/data/original/bpi12_knobab.xes,F,1020.68,258.813,13087,25,21,399.223,94027725656744,94027740185104,scripts/support_pipeline.yaml,AtomizeOnlyOnDataPredicates,data/bpic_2012/models/scenario_2/q2.powerdecl,marking,FastOperator_v1,0.090655,2,0.025426,0.005061,0.106876,20.6681,No,1,BLOCK_STATIC_SCHEDULE,SCENARIO_2
data/bpic_2012/data/original/bpi12_knobab.xes,F,1047.08,272.221,13087,25,21,399.223,94027725656744,94027740185104,scripts/support_pipeline.yaml,AtomizeOnlyOnDataPredicates,data/bpic_2012/models/scenario_2/q2.powerdecl,marking,FastOperator_v1,0.084143,2,0.023696,0.004902,0.11031,22.524,No,1,BLOCK_STATIC_SCHEDULE,SCENARIO_2
data/bpic_2012/data/original/bpi12_knobab.xes,F,1025.87,259.566,13087,25,21,399.223,94027725656744,94027740185104,scripts/support_pipeline.yaml,AtomizeOnlyOnDataPredicates,data/bpic_2012/models/scenario_2/q2.powerdecl,marking,FastOperator_v1,0.080518,2,0.024079,0.004517,0.108581,20.9255,No,1,BLOCK_STATIC_SCHEDULE,SCENARIO_2
data/bpic_2012/data/original/bpi12_knobab.xes,F,1123.8,278.786,13087,25,21,399.223,94742494249640,94742504100368,scripts/intersection_pipeline.yaml,AtomizeOnlyOnDataPredicates,data/bpic_2012/models/scenario_2/q3.powerdecl,marking,FastOperator_v1,0.418654,2,0.031031,0.004748,0.101771,19.9811,No,1,BLOCK_STATIC_SCHEDULE,SCENARIO_2
data/bpic_2012/data/original/bpi12_knobab.xes,F,1077.95,252.416,13087,25,21,399.223,94742494249640,94742504100368,scripts/intersection_pipeline.yaml,AtomizeOnlyOnDataPredicates,data/bpic_2012/models/scenario_2/q3.powerdecl,marking,FastOperator_v1,0.083915,2,0.027386,0.004963,0.11095,21.6336,No,1,BLOCK_STATIC_SCHEDULE,SCENARIO_2
data/bpic_2012/data/original/bpi12_knobab.xes,F,1043.03,250.825,13087,25,21,399.223,94742494249640,94742504100368,scripts/intersection_pipeline.yaml,AtomizeOnlyOnDataPredicates,data/bpic_2012/models/scenario_2/q3.powerdecl,marking,FastOperator_v1,0.094813,2,0.026705,0.004869,0.175067,23.1855,No,1,BLOCK_STATIC_SCHEDULE,SCENARIO_2
data/bpic_2012/data/original/bpi12_knobab.xes,F,1067.01,252.586,13087,25,21,399.223,94742494249640,94742504100368,scripts/intersection_pipeline.yaml,AtomizeOnlyOnDataPredicates,data/bpic_2012/models/scenario_2/q3.powerdecl,marking,FastOperator_v1,0.084309,2,0.089912,0.026013,0.116985,20.2837,No,1,BLOCK_STATIC_SCHEDULE,SCENARIO_2
data/bpic_2012/data/original/bpi12_knobab.xes,F,1034.55,249.659,13087,25,21,399.223,94742494249640,94742504100368,scripts/intersection_pipeline.yaml,AtomizeOnlyOnDataPredicates,data/bpic_2012/models/scenario_2/q3.powerdecl,marking,FastOperator_v1,0.0816,2,0.027357,0.019724,0.12534,21.9064,No,1,BLOCK_STATIC_SCHEDULE,SCENARIO_2
data/bpic_2012/data/original/bpi12_knobab.xes,F,1182.75,261.393,13087,25,21,399.223,93894509011624,93894513857040,scripts/support_pipeline.yaml,AtomizeOnlyOnDataPredicates,data/bpic_2012/models/scenario_2/q3.powerdecl,marking,FastOperator_v1,0.412253,2,0.028179,0.005419,0.102473,19.955,No,1,BLOCK_STATIC_SCHEDULE,SCENARIO_2
data/bpic_2012/data/original/bpi12_knobab.xes,F,1044.05,263.108,13087,25,21,399.223,93894509011624,93894513857040,scripts/support_pipeline.yaml,AtomizeOnlyOnDataPredicates,data/bpic_2012/models/scenario_2/q3.powerdecl,marking,FastOperator_v1,0.080284,2,0.025811,0.005328,0.112768,20.4617,No,1,BLOCK_STATIC_SCHEDULE,SCENARIO_2
data/bpic_2012/data/original/bpi12_knobab.xes,F,1026.25,256.724,13087,25,21,399.223,93894509011624,93894513857040,scripts/support_pipeline.yaml,AtomizeOnlyOnDataPredicates,data/bpic_2012/models/scenario_2/q3.powerdecl,marking,FastOperator_v1,0.096759,2,0.026386,0.005173,0.110941,20.4494,No,1,BLOCK_STATIC_SCHEDULE,SCENARIO_2
data/bpic_2012/data/original/bpi12_knobab.xes,F,1028.83,258.538,13087,25,21,399.223,93894509011624,93894513857040,scripts/support_pipeline.yaml,AtomizeOnlyOnDataPredicates,data/bpic_2012/models/scenario_2/q3.powerdecl,marking,FastOperator_v1,0.086865,2,0.026746,0.005397,0.119269,21.0606,No,1,BLOCK_STATIC_SCHEDULE,SCENARIO_2
data/bpic_2012/data/original/bpi12_knobab.xes,F,1031.65,250.56,13087,25,21,399.223,93894509011624,93894513857040,scripts/support_pipeline.yaml,AtomizeOnlyOnDataPredicates,data/bpic_2012/models/scenario_2/q3.powerdecl,marking,FastOperator_v1,0.080879,2,0.028931,0.004993,0.113601,22.9743,No,1,BLOCK_STATIC_SCHEDULE,SCENARIO_2
data/bpic_2012/data/original/bpi12_knobab.xes,F,1108.33,248.949,13087,25,21,399.223,94595696579240,94595733246480,scripts/intersection_pipeline.yaml,AtomizeOnlyOnDataPredicates,data/bpic_2012/models/scenario_2/q4.powerdecl,marking,FastOperator_v1,0.361691,1,0.009862,0.000695,0.101066,19.4606,No,1,BLOCK_STATIC_SCHEDULE,SCENARIO_2
data/bpic_2012/data/original/bpi12_knobab.xes,F,1037.68,260.073,13087,25,21,399.223,94595696579240,94595733246480,scripts/intersection_pipeline.yaml,AtomizeOnlyOnDataPredicates,data/bpic_2012/models/scenario_2/q4.powerdecl,marking,FastOperator_v1,0.075146,1,0.00912,0.00058,0.098912,18.0831,No,1,BLOCK_STATIC_SCHEDULE,SCENARIO_2
data/bpic_2012/data/original/bpi12_knobab.xes,F,1130.07,258.971,13087,25,21,399.223,94595696579240,94595733246480,scripts/intersection_pipeline.yaml,AtomizeOnlyOnDataPredicates,data/bpic_2012/models/scenario_2/q4.powerdecl,marking,FastOperator_v1,0.075133,1,0.009425,0.000703,0.098891,18.8762,No,1,BLOCK_STATIC_SCHEDULE,SCENARIO_2
data/bpic_2012/data/original/bpi12_knobab.xes,F,1017.38,250.507,13087,25,21,399.223,94595696579240,94595733246480,scripts/intersection_pipeline.yaml,AtomizeOnlyOnDataPredicates,data/bpic_2012/models/scenario_2/q4.powerdecl,marking,FastOperator_v1,0.073431,1,0.011806,0.00065,0.108737,20.1141,No,1,BLOCK_STATIC_SCHEDULE,SCENARIO_2
data/bpic_2012/data/original/bpi12_knobab.xes,F,1030.22,252.808,13087,25,21,399.223,94595696579240,94595733246480,scripts/intersection_pipeline.yaml,AtomizeOnlyOnDataPredicates,data/bpic_2012/models/scenario_2/q4.powerdecl,marking,FastOperator_v1,0.074959,1,0.008808,0.000547,0.0975,19.9118,No,1,BLOCK_STATIC_SCHEDULE,SCENARIO_2
data/bpic_2012/data/original/bpi12_knobab.xes,F,1112.99,260.294,13087,25,21,399.223,94841042555560,94841064268304,scripts/support_pipeline.yaml,AtomizeOnlyOnDataPredicates,data/bpic_2012/models/scenario_2/q4.powerdecl,marking,FastOperator_v1,0.367388,1,0.009765,0.000638,0.10056,20.3167,No,1,BLOCK_STATIC_SCHEDULE,SCENARIO_2
data/bpic_2012/data/original/bpi12_knobab.xes,F,1041.72,262.408,13087,25,21,399.223,94841042555560,94841064268304,scripts/support_pipeline.yaml,AtomizeOnlyOnDataPredicates,data/bpic_2012/models/scenario_2/q4.powerdecl,marking,FastOperator_v1,0.07592,1,0.008936,0.000638,0.099884,20.2395,No,1,BLOCK_STATIC_SCHEDULE,SCENARIO_2
data/bpic_2012/data/original/bpi12_knobab.xes,F,1029.08,258.441,13087,25,21,399.223,94841042555560,94841064268304,scripts/support_pipeline.yaml,AtomizeOnlyOnDataPredicates,data/bpic_2012/models/scenario_2/q4.powerdecl,marking,FastOperator_v1,0.068771,1,0.008428,0.000658,0.104236,20.276,No,1,BLOCK_STATIC_SCHEDULE,SCENARIO_2
data/bpic_2012/data/original/bpi12_knobab.xes,F,1026.15,253.905,13087,25,21,399.223,94841042555560,94841064268304,scripts/support_pipeline.yaml,AtomizeOnlyOnDataPredicates,data/bpic_2012/models/scenario_2/q4.powerdecl,marking,FastOperator_v1,0.072275,1,0.009929,0.000686,0.105811,22.8673,No,1,BLOCK_STATIC_SCHEDULE,SCENARIO_2
data/bpic_2012/data/original/bpi12_knobab.xes,F,1024.15,260.916,13087,25,21,399.223,94841042555560,94841064268304,scripts/support_pipeline.yaml,AtomizeOnlyOnDataPredicates,data/bpic_2012/models/scenario_2/q4.powerdecl,marking,FastOperator_v1,0.082396,1,0.009035,0.000642,0.095853,22.8961,No,1,BLOCK_STATIC_SCHEDULE,SCENARIO_2
data/bpic_2012/data/original/bpi12_knobab.xes,F,1091.05,251.417,13087,25,21,399.223,94181222761128,94181254275600,scripts/intersection_pipeline.yaml,AtomizeOnlyOnDataPredicates,data/bpic_2012/models/scenario_2/q5.powerdecl,marking,FastOperator_v1,0.358884,1,0.011053,0.000682,0.099574,21.3524,No,1,BLOCK_STATIC_SCHEDULE,SCENARIO_2
data/bpic_2012/data/original/bpi12_knobab.xes,F,1022.61,247.02,13087,25,21,399.223,94181222761128,94181254275600,scripts/intersection_pipeline.yaml,AtomizeOnlyOnDataPredicates,data/bpic_2012/models/scenario_2/q5.powerdecl,marking,FastOperator_v1,0.074613,1,0.045386,0.00066,0.101321,23.0629,No,1,BLOCK_STATIC_SCHEDULE,SCENARIO_2
data/bpic_2012/data/original/bpi12_knobab.xes,F,1011.83,257.198,13087,25,21,399.223,94181222761128,94181254275600,scripts/intersection_pipeline.yaml,AtomizeOnlyOnDataPredicates,data/bpic_2012/models/scenario_2/q5.powerdecl,marking,FastOperator_v1,0.074197,1,0.008592,0.000633,0.100499,19.9769,No,1,BLOCK_STATIC_SCHEDULE,SCENARIO_2
data/bpic_2012/data/original/bpi12_knobab.xes,F,1025.95,258.997,13087,25,21,399.223,94181222761128,94181254275600,scripts/intersection_pipeline.yaml,AtomizeOnlyOnDataPredicates,data/bpic_2012/models/scenario_2/q5.powerdecl,marking,FastOperator_v1,0.075083,1,0.008862,0.000575,0.098455,20.3416,No,1,BLOCK_STATIC_SCHEDULE,SCENARIO_2
data/bpic_2012/data/original/bpi12_knobab.xes,F,1010.11,249.399,13087,25,21,399.223,94181222761128,94181254275600,scripts/intersection_pipeline.yaml,AtomizeOnlyOnDataPredicates,data/bpic_2012/models/scenario_2/q5.powerdecl,marking,FastOperator_v1,0.065854,1,0.010104,0.000683,0.102901,22.5382,No,1,BLOCK_STATIC_SCHEDULE,SCENARIO_2
data/bpic_2012/data/original/bpi12_knobab.xes,F,1104.12,251.259,13087,25,21,399.223,94829636473512,94829653692944,scripts/support_pipeline.yaml,AtomizeOnlyOnDataPredicates,data/bpic_2012/models/scenario_2/q5.powerdecl,marking,FastOperator_v1,0.357827,1,0.009754,0.000648,0.099789,22.6948,No,1,BLOCK_STATIC_SCHEDULE,SCENARIO_2
data/bpic_2012/data/original/bpi12_knobab.xes,F,1035.88,260.09,13087,25,21,399.223,94829636473512,94829653692944,scripts/support_pipeline.yaml,AtomizeOnlyOnDataPredicates,data/bpic_2012/models/scenario_2/q5.powerdecl,marking,FastOperator_v1,0.147661,1,0.01068,0.000625,0.104422,22.3149,No,1,BLOCK_STATIC_SCHEDULE,SCENARIO_2
data/bpic_2012/data/original/bpi12_knobab.xes,F,1019.22,255.812,13087,25,21,399.223,94829636473512,94829653692944,scripts/support_pipeline.yaml,AtomizeOnlyOnDataPredicates,data/bpic_2012/models/scenario_2/q5.powerdecl,marking,FastOperator_v1,0.067035,1,0.008903,0.000624,0.100465,21.1598,No,1,BLOCK_STATIC_SCHEDULE,SCENARIO_2
data/bpic_2012/data/original/bpi12_knobab.xes,F,1020.32,255.554,13087,25,21,399.223,94829636473512,94829653692944,scripts/support_pipeline.yaml,AtomizeOnlyOnDataPredicates,data/bpic_2012/models/scenario_2/q5.powerdecl,marking,FastOperator_v1,0.074608,1,0.038336,0.000792,0.103038,24.168,No,1,BLOCK_STATIC_SCHEDULE,SCENARIO_2
data/bpic_2012/data/original/bpi12_knobab.xes,F,1022.89,254.218,13087,25,21,399.223,94829636473512,94829653692944,scripts/support_pipeline.yaml,AtomizeOnlyOnDataPredicates,data/bpic_2012/models/scenario_2/q5.powerdecl,marking,FastOperator_v1,0.069799,1,0.008833,0.000664,0.100185,23.1248,No,1,BLOCK_STATIC_SCHEDULE,SCENARIO_2
data/bpic_2012/data/original/bpi12_knobab.xes,F,1085.91,247.026,13087,25,21,399.223,94892338758312,94892365021712,scripts/intersection_pipeline.yaml,AtomizeOnlyOnDataPredicates,data/bpic_2012/models/scenario_2/q1^q2.powerdecl,marking,FastOperator_v1,0.413575,3,0.033475,0.006134,0.102512,19.1815,No,1,BLOCK_STATIC_SCHEDULE,SCENARIO_2
data/bpic_2012/data/original/bpi12_knobab.xes,F,1018.67,249.623,13087,25,21,399.223,94892338758312,94892365021712,scripts/intersection_pipeline.yaml,AtomizeOnlyOnDataPredicates,data/bpic_2012/models/scenario_2/q1^q2.powerdecl,marking,FastOperator_v1,0.093178,3,0.026714,0.026589,0.115003,22.6144,No,1,BLOCK_STATIC_SCHEDULE,SCENARIO_2
data/bpic_2012/data/original/bpi12_knobab.xes,F,1002.95,258.666,13087,25,21,399.223,94892338758312,94892365021712,scripts/intersection_pipeline.yaml,AtomizeOnlyOnDataPredicates,data/bpic_2012/models/scenario_2/q1^q2.powerdecl,marking,FastOperator_v1,0.093782,3,0.024874,0.005587,0.111415,19.0856,No,1,BLOCK_STATIC_SCHEDULE,SCENARIO_2
data/bpic_2012/data/original/bpi12_knobab.xes,F,1003.41,250.369,13087,25,21,399.223,94892338758312,94892365021712,scripts/intersection_pipeline.yaml,AtomizeOnlyOnDataPredicates,data/bpic_2012/models/scenario_2/q1^q2.powerdecl,marking,FastOperator_v1,0.109871,3,0.024601,0.00529,0.112431,20.9736,No,1,BLOCK_STATIC_SCHEDULE,SCENARIO_2
data/bpic_2012/data/original/bpi12_knobab.xes,F,1001.1,258.098,13087,25,21,399.223,94892338758312,94892365021712,scripts/intersection_pipeline.yaml,AtomizeOnlyOnDataPredicates,data/bpic_2012/models/scenario_2/q1^q2.powerdecl,marking,FastOperator_v1,0.092795,3,0.048915,0.019762,0.115249,18.8887,No,1,BLOCK_STATIC_SCHEDULE,SCENARIO_2
data/bpic_2012/data/original/bpi12_knobab.xes,F,1100.04,248.67,13087,25,21,399.223,94799771361960,94799781966352,scripts/support_pipeline.yaml,AtomizeOnlyOnDataPredicates,data/bpic_2012/models/scenario_2/q1^q2.powerdecl,marking,FastOperator_v1,0.414543,3,0.054304,0.021616,0.105874,21.9783,No,1,BLOCK_STATIC_SCHEDULE,SCENARIO_2
data/bpic_2012/data/original/bpi12_knobab.xes,F,1027.27,249.021,13087,25,21,399.223,94799771361960,94799781966352,scripts/support_pipeline.yaml,AtomizeOnlyOnDataPredicates,data/bpic_2012/models/scenario_2/q1^q2.powerdecl,marking,FastOperator_v1,0.097175,3,0.02804,0.028318,0.120092,22.3182,No,1,BLOCK_STATIC_SCHEDULE,SCENARIO_2
data/bpic_2012/data/original/bpi12_knobab.xes,F,1014.83,254.733,13087,25,21,399.223,94799771361960,94799781966352,scripts/support_pipeline.yaml,AtomizeOnlyOnDataPredicates,data/bpic_2012/models/scenario_2/q1^q2.powerdecl,marking,FastOperator_v1,0.094298,3,0.023792,0.005841,0.10878,23.0207,No,1,BLOCK_STATIC_SCHEDULE,SCENARIO_2
data/bpic_2012/data/original/bpi12_knobab.xes,F,1009,257.03,13087,25,21,399.223,94799771361960,94799781966352,scripts/support_pipeline.yaml,AtomizeOnlyOnDataPredicates,data/bpic_2012/models/scenario_2/q1^q2.powerdecl,marking,FastOperator_v1,0.091933,3,0.024731,0.005647,0.110442,21.6559,No,1,BLOCK_STATIC_SCHEDULE,SCENARIO_2
data/bpic_2012/data/original/bpi12_knobab.xes,F,1013.9,246.209,13087,25,21,399.223,94799771361960,94799781966352,scripts/support_pipeline.yaml,AtomizeOnlyOnDataPredicates,data/bpic_2012/models/scenario_2/q1^q2.powerdecl,marking,FastOperator_v1,0.091194,3,0.026478,0.006145,0.112927,23.5369,No,1,BLOCK_STATIC_SCHEDULE,SCENARIO_2
data/bpic_2012/data/original/bpi12_knobab.xes,F,1093.58,253.827,13087,25,21,399.223,94073545671336,94073548960272,scripts/intersection_pipeline.yaml,AtomizeOnlyOnDataPredicates,data/bpic_2012/models/scenario_2/q1^q2^q3^q4^q5.powerdecl,marking,FastOperator_v1,0.669958,7,0.029067,0.030164,0.135098,38.3688,No,1,BLOCK_STATIC_SCHEDULE,SCENARIO_2
data/bpic_2012/data/original/bpi12_knobab.xes,F,1023.67,258.823,13087,25,21,399.223,94073545671336,94073548960272,scripts/intersection_pipeline.yaml,AtomizeOnlyOnDataPredicates,data/bpic_2012/models/scenario_2/q1^q2^q3^q4^q5.powerdecl,marking,FastOperator_v1,0.208887,7,0.028104,0.008226,0.149797,36.0763,No,1,BLOCK_STATIC_SCHEDULE,SCENARIO_2
data/bpic_2012/data/original/bpi12_knobab.xes,F,1010.2,253.615,13087,25,21,399.223,94073545671336,94073548960272,scripts/intersection_pipeline.yaml,AtomizeOnlyOnDataPredicates,data/bpic_2012/models/scenario_2/q1^q2^q3^q4^q5.powerdecl,marking,FastOperator_v1,0.209126,7,0.028988,0.008274,0.150402,36.5031,No,1,BLOCK_STATIC_SCHEDULE,SCENARIO_2
data/bpic_2012/data/original/bpi12_knobab.xes,F,1008.45,249.071,13087,25,21,399.223,94073545671336,94073548960272,scripts/intersection_pipeline.yaml,AtomizeOnlyOnDataPredicates,data/bpic_2012/models/scenario_2/q1^q2^q3^q4^q5.powerdecl,marking,FastOperator_v1,0.201722,7,0.038338,0.02957,0.17552,37.5387,No,1,BLOCK_STATIC_SCHEDULE,SCENARIO_2
data/bpic_2012/data/original/bpi12_knobab.xes,F,1008.81,251.608,13087,25,21,399.223,94073545671336,94073548960272,scripts/intersection_pipeline.yaml,AtomizeOnlyOnDataPredicates,data/bpic_2012/models/scenario_2/q1^q2^q3^q4^q5.powerdecl,marking,FastOperator_v1,0.196188,7,0.026757,0.008066,0.146104,40.7057,No,1,BLOCK_STATIC_SCHEDULE,SCENARIO_2
data/bpic_2012/data/original/bpi12_knobab.xes,F,1087.46,254.186,13087,25,21,399.223,94156609905320,94156640367120,scripts/support_pipeline.yaml,AtomizeOnlyOnDataPredicates,data/bpic_2012/models/scenario_2/q1^q2^q3^q4^q5.powerdecl,marking,FastOperator_v1,0.702574,7,0.028479,0.008172,0.136918,51.918,No,1,BLOCK_STATIC_SCHEDULE,SCENARIO_2
data/bpic_2012/data/original/bpi12_knobab.xes,F,1021.62,259.001,13087,25,21,399.223,94156609905320,94156640367120,scripts/support_pipeline.yaml,AtomizeOnlyOnDataPredicates,data/bpic_2012/models/scenario_2/q1^q2^q3^q4^q5.powerdecl,marking,FastOperator_v1,0.184039,7,0.026192,0.007454,0.148058,44.361,No,1,BLOCK_STATIC_SCHEDULE,SCENARIO_2
data/bpic_2012/data/original/bpi12_knobab.xes,F,1006.69,262.081,13087,25,21,399.223,94156609905320,94156640367120,scripts/support_pipeline.yaml,AtomizeOnlyOnDataPredicates,data/bpic_2012/models/scenario_2/q1^q2^q3^q4^q5.powerdecl,marking,FastOperator_v1,0.183915,7,0.027233,0.007997,0.148987,44.4842,No,1,BLOCK_STATIC_SCHEDULE,SCENARIO_2
data/bpic_2012/data/original/bpi12_knobab.xes,F,1008.79,254.622,13087,25,21,399.223,94156609905320,94156640367120,scripts/support_pipeline.yaml,AtomizeOnlyOnDataPredicates,data/bpic_2012/models/scenario_2/q1^q2^q3^q4^q5.powerdecl,marking,FastOperator_v1,0.184955,7,0.026999,0.008321,0.147129,41.296,No,1,BLOCK_STATIC_SCHEDULE,SCENARIO_2
data/bpic_2012/data/original/bpi12_knobab.xes,F,1004.54,253.664,13087,25,21,399.223,94156609905320,94156640367120,scripts/support_pipeline.yaml,AtomizeOnlyOnDataPredicates,data/bpic_2012/models/scenario_2/q1^q2^q3^q4^q5.powerdecl,marking,FastOperator_v1,0.198428,7,0.027941,0.00815,0.151628,41.1603,No,1,BLOCK_STATIC_SCHEDULE,SCENARIO_2
data/bpic_2012/data/original/bpi12_knobab.xes,F,1088.81,241.8,13087,25,21,399.223,94871408001704,94871414186512,scripts/intersection_pipeline.yaml,AtomizeOnlyOnDataPredicates,data/bpic_2012/models/scenario_2/q1^q2^q4.powerdecl,marking,FastOperator_v1,0.497415,4,0.030248,0.006648,0.117313,30.7929,No,1,BLOCK_STATIC_SCHEDULE,SCENARIO_2
data/bpic_2012/data/original/bpi12_knobab.xes,F,1018.59,253.143,13087,25,21,399.223,94871408001704,94871414186512,scripts/intersection_pipeline.yaml,AtomizeOnlyOnDataPredicates,data/bpic_2012/models/scenario_2/q1^q2^q4.powerdecl,marking,FastOperator_v1,0.113713,4,0.027022,0.005316,0.12757,28.4314,No,1,BLOCK_STATIC_SCHEDULE,SCENARIO_2
data/bpic_2012/data/original/bpi12_knobab.xes,F,998.978,254.538,13087,25,21,399.223,94871408001704,94871414186512,scripts/intersection_pipeline.yaml,AtomizeOnlyOnDataPredicates,data/bpic_2012/models/scenario_2/q1^q2^q4.powerdecl,marking,FastOperator_v1,0.128927,4,0.027783,0.005818,0.128998,27.7483,No,1,BLOCK_STATIC_SCHEDULE,SCENARIO_2
data/bpic_2012/data/original/bpi12_knobab.xes,F,1000.98,253.15,13087,25,21,399.223,94871408001704,94871414186512,scripts/intersection_pipeline.yaml,AtomizeOnlyOnDataPredicates,data/bpic_2012/models/scenario_2/q1^q2^q4.powerdecl,marking,FastOperator_v1,0.11558,4,0.025372,0.005291,0.125319,31.7735,No,1,BLOCK_STATIC_SCHEDULE,SCENARIO_2
data/bpic_2012/data/original/bpi12_knobab.xes,F,1001.14,255.76,13087,25,21,399.223,94871408001704,94871414186512,scripts/intersection_pipeline.yaml,AtomizeOnlyOnDataPredicates,data/bpic_2012/models/scenario_2/q1^q2^q4.powerdecl,marking,FastOperator_v1,0.122183,4,0.026943,0.005457,0.125567,27.0172,No,1,BLOCK_STATIC_SCHEDULE,SCENARIO_2
data/bpic_2012/data/original/bpi12_knobab.xes,F,1110.66,253.721,13087,25,21,399.223,93940543267496,93940578165264,scripts/support_pipeline.yaml,AtomizeOnlyOnDataPredicates,data/bpic_2012/models/scenario_2/q1^q2^q4.powerdecl,marking,FastOperator_v1,0.501584,4,0.028709,0.006831,0.128981,30.6305,No,1,BLOCK_STATIC_SCHEDULE,SCENARIO_2
data/bpic_2012/data/original/bpi12_knobab.xes,F,1034.76,251.694,13087,25,21,399.223,93940543267496,93940578165264,scripts/support_pipeline.yaml,AtomizeOnlyOnDataPredicates,data/bpic_2012/models/scenario_2/q1^q2^q4.powerdecl,marking,FastOperator_v1,0.118838,4,0.027327,0.005682,0.134241,29.3025,No,1,BLOCK_STATIC_SCHEDULE,SCENARIO_2
data/bpic_2012/data/original/bpi12_knobab.xes,F,1024,248.81,13087,25,21,399.223,93940543267496,93940578165264,scripts/support_pipeline.yaml,AtomizeOnlyOnDataPredicates,data/bpic_2012/models/scenario_2/q1^q2^q4.powerdecl,marking,FastOperator_v1,0.125834,4,0.047482,0.008933,0.141564,30.9111,No,1,BLOCK_STATIC_SCHEDULE,SCENARIO_2
data/bpic_2012/data/original/bpi12_knobab.xes,F,1019.02,248.199,13087,25,21,399.223,93940543267496,93940578165264,scripts/support_pipeline.yaml,AtomizeOnlyOnDataPredicates,data/bpic_2012/models/scenario_2/q1^q2^q4.powerdecl,marking,FastOperator_v1,0.116999,4,0.026337,0.006117,0.13291,33.0914,No,1,BLOCK_STATIC_SCHEDULE,SCENARIO_2
data/bpic_2012/data/original/bpi12_knobab.xes,F,1025.95,265.791,13087,25,21,399.223,93940543267496,93940578165264,scripts/support_pipeline.yaml,AtomizeOnlyOnDataPredicates,data/bpic_2012/models/scenario_2/q1^q2^q4.powerdecl,marking,FastOperator_v1,0.115125,4,0.025884,0.005856,0.125856,33.923,No,1,BLOCK_STATIC_SCHEDULE,SCENARIO_2
data/bpic_2012/data/original/bpi12_knobab.xes,F,1093.66,254.602,13087,25,21,399.223,94061854073512,94061877633552,scripts/intersection_pipeline.yaml,AtomizeOnlyOnDataPredicates,data/bpic_2012/models/scenario_2/q1^q2^q5.powerdecl,marking,FastOperator_v1,0.496836,4,0.028748,0.006273,0.117099,29.5401,No,1,BLOCK_STATIC_SCHEDULE,SCENARIO_2
data/bpic_2012/data/original/bpi12_knobab.xes,F,1024.16,263.095,13087,25,21,399.223,94061854073512,94061877633552,scripts/intersection_pipeline.yaml,AtomizeOnlyOnDataPredicates,data/bpic_2012/models/scenario_2/q1^q2^q5.powerdecl,marking,FastOperator_v1,0.117902,4,0.026923,0.005744,0.127458,29.18,No,1,BLOCK_STATIC_SCHEDULE,SCENARIO_2
data/bpic_2012/data/original/bpi12_knobab.xes,F,1015.94,253.537,13087,25,21,399.223,94061854073512,94061877633552,scripts/intersection_pipeline.yaml,AtomizeOnlyOnDataPredicates,data/bpic_2012/models/scenario_2/q1^q2^q5.powerdecl,marking,FastOperator_v1,0.131738,4,0.025816,0.005573,0.129313,29.6741,No,1,BLOCK_STATIC_SCHEDULE,SCENARIO_2
data/bpic_2012/data/original/bpi12_knobab.xes,F,1015.78,255.625,13087,25,21,399.223,94061854073512,94061877633552,scripts/intersection_pipeline.yaml,AtomizeOnlyOnDataPredicates,data/bpic_2012/models/scenario_2/q1^q2^q5.powerdecl,marking,FastOperator_v1,0.114435,4,0.026521,0.00531,0.127291,29.2684,No,1,BLOCK_STATIC_SCHEDULE,SCENARIO_2
data/bpic_2012/data/original/bpi12_knobab.xes,F,1016.62,257.888,13087,25,21,399.223,94061854073512,94061877633552,scripts/intersection_pipeline.yaml,AtomizeOnlyOnDataPredicates,data/bpic_2012/models/scenario_2/q1^q2^q5.powerdecl,marking,FastOperator_v1,0.117417,4,0.026109,0.005874,0.129795,28.3803,No,1,BLOCK_STATIC_SCHEDULE,SCENARIO_2
data/bpic_2012/data/original/bpi12_knobab.xes,F,1105.7,249.864,13087,25,21,399.223,94358556332712,94358578323984,scripts/support_pipeline.yaml,AtomizeOnlyOnDataPredicates,data/bpic_2012/models/scenario_2/q1^q2^q5.powerdecl,marking,FastOperator_v1,0.498542,4,0.031137,0.006389,0.126408,32.215,No,1,BLOCK_STATIC_SCHEDULE,SCENARIO_2
data/bpic_2012/data/original/bpi12_knobab.xes,F,1031.47,257.421,13087,25,21,399.223,94358556332712,94358578323984,scripts/support_pipeline.yaml,AtomizeOnlyOnDataPredicates,data/bpic_2012/models/scenario_2/q1^q2^q5.powerdecl,marking,FastOperator_v1,0.128089,4,0.069429,0.005955,0.128839,31.0259,No,1,BLOCK_STATIC_SCHEDULE,SCENARIO_2
data/bpic_2012/data/original/bpi12_knobab.xes,F,1019.77,251.391,13087,25,21,399.223,94358556332712,94358578323984,scripts/support_pipeline.yaml,AtomizeOnlyOnDataPredicates,data/bpic_2012/models/scenario_2/q1^q2^q5.powerdecl,marking,FastOperator_v1,0.119055,4,0.031544,0.00578,0.13633,32.6557,No,1,BLOCK_STATIC_SCHEDULE,SCENARIO_2
data/bpic_2012/data/original/bpi12_knobab.xes,F,1020.01,248.637,13087,25,21,399.223,94358556332712,94358578323984,scripts/support_pipeline.yaml,AtomizeOnlyOnDataPredicates,data/bpic_2012/models/scenario_2/q1^q2^q5.powerdecl,marking,FastOperator_v1,0.115362,4,0.028179,0.006067,0.186063,34.9327,No,1,BLOCK_STATIC_SCHEDULE,SCENARIO_2
data/bpic_2012/data/original/bpi12_knobab.xes,F,1045.32,252.608,13087,25,21,399.223,94358556332712,94358578323984,scripts/support_pipeline.yaml,AtomizeOnlyOnDataPredicates,data/bpic_2012/models/scenario_2/q1^q2^q5.powerdecl,marking,FastOperator_v1,0.111781,4,0.029389,0.006317,0.131981,34.0954,No,1,BLOCK_STATIC_SCHEDULE,SCENARIO_2
data/bpic_2012/data/original/bpi12_knobab.xes,F,1100.94,246.714,13087,25,21,399.223,94213772493480,94213803418128,scripts/intersection_pipeline.yaml,AtomizeOnlyOnDataPredicates,data/bpic_2012/models/scenario_2/q1^q3^q4.powerdecl,marking,FastOperator_v1,0.500944,4,0.02811,0.006119,0.116361,31.0027,No,1,BLOCK_STATIC_SCHEDULE,SCENARIO_2
data/bpic_2012/data/original/bpi12_knobab.xes,F,1028.9,255.753,13087,25,21,399.223,94213772493480,94213803418128,scripts/intersection_pipeline.yaml,AtomizeOnlyOnDataPredicates,data/bpic_2012/models/scenario_2/q1^q3^q4.powerdecl,marking,FastOperator_v1,0.127892,4,0.025897,0.005432,0.127408,28.6932,No,1,BLOCK_STATIC_SCHEDULE,SCENARIO_2
data/bpic_2012/data/original/bpi12_knobab.xes,F,1016.36,261.077,13087,25,21,399.223,94213772493480,94213803418128,scripts/intersection_pipeline.yaml,AtomizeOnlyOnDataPredicates,data/bpic_2012/models/scenario_2/q1^q3^q4.powerdecl,marking,FastOperator_v1,0.117176,4,0.026625,0.005522,0.128452,26.9619,No,1,BLOCK_STATIC_SCHEDULE,SCENARIO_2
data/bpic_2012/data/original/bpi12_knobab.xes,F,1030.94,255.857,13087,25,21,399.223,94213772493480,94213803418128,scripts/intersection_pipeline.yaml,AtomizeOnlyOnDataPredicates,data/bpic_2012/models/scenario_2/q1^q3^q4.powerdecl,marking,FastOperator_v1,0.114216,4,0.026807,0.005478,0.129904,26.9098,No,1,BLOCK_STATIC_SCHEDULE,SCENARIO_2
data/bpic_2012/data/original/bpi12_knobab.xes,F,1012.62,247.342,13087,25,21,399.223,94213772493480,94213803418128,scripts/intersection_pipeline.yaml,AtomizeOnlyOnDataPredicates,data/bpic_2012/models/scenario_2/q1^q3^q4.powerdecl,marking,FastOperator_v1,0.137572,4,0.029299,0.005525,0.130308,26.8566,No,1,BLOCK_STATIC_SCHEDULE,SCENARIO_2
data/bpic_2012/data/original/bpi12_knobab.xes,F,1083.17,250.57,13087,25,21,399.223,94433004872360,94433010938384,scripts/support_pipeline.yaml,AtomizeOnlyOnDataPredicates,data/bpic_2012/models/scenario_2/q1^q3^q4.powerdecl,marking,FastOperator_v1,0.507303,4,0.031594,0.006513,0.1164,34.1767,No,1,BLOCK_STATIC_SCHEDULE,SCENARIO_2
data/bpic_2012/data/original/bpi12_knobab.xes,F,1016.83,265.768,13087,25,21,399.223,94433004872360,94433010938384,scripts/support_pipeline.yaml,AtomizeOnlyOnDataPredicates,data/bpic_2012/models/scenario_2/q1^q3^q4.powerdecl,marking,FastOperator_v1,0.124369,4,0.036973,0.005563,0.126867,29.8262,No,1,BLOCK_STATIC_SCHEDULE,SCENARIO_2
data/bpic_2012/data/original/bpi12_knobab.xes,F,999.037,248.787,13087,25,21,399.223,94433004872360,94433010938384,scripts/support_pipeline.yaml,AtomizeOnlyOnDataPredicates,data/bpic_2012/models/scenario_2/q1^q3^q4.powerdecl,marking,FastOperator_v1,0.111512,4,0.028497,0.005762,0.130314,29.7566,No,1,BLOCK_STATIC_SCHEDULE,SCENARIO_2
data/bpic_2012/data/original/bpi12_knobab.xes,F,1022.62,248.838,13087,25,21,399.223,94433004872360,94433010938384,scripts/support_pipeline.yaml,AtomizeOnlyOnDataPredicates,data/bpic_2012/models/scenario_2/q1^q3^q4.powerdecl,marking,FastOperator_v1,0.113619,4,0.030778,0.006139,0.134146,29.9036,No,1,BLOCK_STATIC_SCHEDULE,SCENARIO_2
data/bpic_2012/data/original/bpi12_knobab.xes,F,1006.07,257.973,13087,25,21,399.223,94433004872360,94433010938384,scripts/support_pipeline.yaml,AtomizeOnlyOnDataPredicates,data/bpic_2012/models/scenario_2/q1^q3^q4.powerdecl,marking,FastOperator_v1,0.110573,4,0.028196,0.005432,0.133936,32.23,No,1,BLOCK_STATIC_SCHEDULE,SCENARIO_2
data/bpic_2012/data/original/bpi12_knobab.xes,F,1101.32,253.145,13087,25,21,399.223,94668632650408,94668643529232,scripts/intersection_pipeline.yaml,AtomizeOnlyOnDataPredicates,data/bpic_2012/models/scenario_2/q1^q3^q5.powerdecl,marking,FastOperator_v1,0.492088,4,0.029037,0.019637,0.120435,29.2184,No,1,BLOCK_STATIC_SCHEDULE,SCENARIO_2
data/bpic_2012/data/original/bpi12_knobab.xes,F,1029.86,260.798,13087,25,21,399.223,94668632650408,94668643529232,scripts/intersection_pipeline.yaml,AtomizeOnlyOnDataPredicates,data/bpic_2012/models/scenario_2/q1^q3^q5.powerdecl,marking,FastOperator_v1,0.117151,4,0.028099,0.005342,0.128435,28.5185,No,1,BLOCK_STATIC_SCHEDULE,SCENARIO_2
data/bpic_2012/data/original/bpi12_knobab.xes,F,1018.03,258.548,13087,25,21,399.223,94668632650408,94668643529232,scripts/intersection_pipeline.yaml,AtomizeOnlyOnDataPredicates,data/bpic_2012/models/scenario_2/q1^q3^q5.powerdecl,marking,FastOperator_v1,0.126365,4,0.027626,0.005188,0.127941,28.4955,No,1,BLOCK_STATIC_SCHEDULE,SCENARIO_2
data/bpic_2012/data/original/bpi12_knobab.xes,F,1019.26,254.452,13087,25,21,399.223,94668632650408,94668643529232,scripts/intersection_pipeline.yaml,AtomizeOnlyOnDataPredicates,data/bpic_2012/models/scenario_2/q1^q3^q5.powerdecl,marking,FastOperator_v1,0.122236,4,0.027698,0.005606,0.133475,31.7225,No,1,BLOCK_STATIC_SCHEDULE,SCENARIO_2
data/bpic_2012/data/original/bpi12_knobab.xes,F,1021.61,257.524,13087,25,21,399.223,94668632650408,94668643529232,scripts/intersection_pipeline.yaml,AtomizeOnlyOnDataPredicates,data/bpic_2012/models/scenario_2/q1^q3^q5.powerdecl,marking,FastOperator_v1,0.12966,4,0.028905,0.005554,0.127256,29.1282,No,1,BLOCK_STATIC_SCHEDULE,SCENARIO_2
data/bpic_2012/data/original/bpi12_knobab.xes,F,1104.71,260.431,13087,25,21,399.223,94458577453736,94458588410384,scripts/support_pipeline.yaml,AtomizeOnlyOnDataPredicates,data/bpic_2012/models/scenario_2/q1^q3^q5.powerdecl,marking,FastOperator_v1,0.508518,4,0.029111,0.025978,0.132239,32.2599,No,1,BLOCK_STATIC_SCHEDULE,SCENARIO_2
data/bpic_2012/data/original/bpi12_knobab.xes,F,1030.35,255.417,13087,25,21,399.223,94458577453736,94458588410384,scripts/support_pipeline.yaml,AtomizeOnlyOnDataPredicates,data/bpic_2012/models/scenario_2/q1^q3^q5.powerdecl,marking,FastOperator_v1,0.115753,4,0.027579,0.025345,0.133301,31.8227,No,1,BLOCK_STATIC_SCHEDULE,SCENARIO_2
data/bpic_2012/data/original/bpi12_knobab.xes,F,1017.72,250.614,13087,25,21,399.223,94458577453736,94458588410384,scripts/support_pipeline.yaml,AtomizeOnlyOnDataPredicates,data/bpic_2012/models/scenario_2/q1^q3^q5.powerdecl,marking,FastOperator_v1,0.118991,4,0.029669,0.005511,0.182321,31.8677,No,1,BLOCK_STATIC_SCHEDULE,SCENARIO_2
data/bpic_2012/data/original/bpi12_knobab.xes,F,1061.89,257.487,13087,25,21,399.223,94458577453736,94458588410384,scripts/support_pipeline.yaml,AtomizeOnlyOnDataPredicates,data/bpic_2012/models/scenario_2/q1^q3^q5.powerdecl,marking,FastOperator_v1,0.120125,4,0.025207,0.00526,0.131018,31.5375,No,1,BLOCK_STATIC_SCHEDULE,SCENARIO_2
data/bpic_2012/data/original/bpi12_knobab.xes,F,1014.65,252.469,13087,25,21,399.223,94458577453736,94458588410384,scripts/support_pipeline.yaml,AtomizeOnlyOnDataPredicates,data/bpic_2012/models/scenario_2/q1^q3^q5.powerdecl,marking,FastOperator_v1,0.132236,4,0.026798,0.005447,0.131039,31.8114,No,1,BLOCK_STATIC_SCHEDULE,SCENARIO_2
