Test,Type,Log_Size,Max_Trace_Length,Alphabet,Time
And,fast,1000,100,DACBE,0.500525
And,logic,1000,100,DACBE,16.1081
Or,fast,1000,100,DACBE,0.781712
Or,logic,1000,100,DACBE,15.8764
And_Future,fast_variant_1,1000,100,DACBE,2.82437
And_Future,fast_variant_2,1000,100,DACBE,3.18972
And_Future,logic,1000,100,DACBE,11.6192
And_Globally,fast_variant_1,1000,100,DACBE,0.170565
And_Globally,fast_variant_2,1000,100,DACBE,0.118844
And_Globally,logic,1000,100,DACBE,0.138139
Until,fast,1000,100,DACBE,0.168779
Until,logic,1000,100,DACBE,0.234976
Choice,fast,1000,100,DACBE,0.660728
Choice,logic,1000,100,DACBE,1.1955
And,fast,1000,100,DACBE,0.709598
And,logic,1000,100,DACBE,15.7876
Or,fast,1000,100,DACBE,0.662447
Or,logic,1000,100,DACBE,16.5056
And_Future,fast_variant_1,1000,100,DACBE,3.23855
And_Future,fast_variant_2,1000,100,DACBE,2.62309
And_Future,logic,1000,100,DACBE,10.4132
And_Globally,fast_variant_1,1000,100,DACBE,0.170578
And_Globally,fast_variant_2,1000,100,DACBE,0.138967
And_Globally,logic,1000,100,DACBE,0.140616
Until,fast,1000,100,DACBE,0.23885
Until,logic,1000,100,DACBE,0.258448
Choice,fast,1000,100,DACBE,1.03409
Choice,logic,1000,100,DACBE,1.42821
And,fast,1000,100,DACBE,0.700506
And,logic,1000,100,DACBE,16.3625
Or,fast,1000,100,DACBE,0.693781
Or,logic,1000,100,DACBE,15.8252
And_Future,fast_variant_1,1000,100,DACBE,2.88968
And_Future,fast_variant_2,1000,100,DACBE,2.61949
And_Future,logic,1000,100,DACBE,10.6202
And_Globally,fast_variant_1,1000,100,DACBE,0.269213
And_Globally,fast_variant_2,1000,100,DACBE,0.121676
And_Globally,logic,1000,100,DACBE,0.079918
Until,fast,1000,100,DACBE,0.164665
Until,logic,1000,100,DACBE,0.20196
Choice,fast,1000,100,DACBE,0.759433
Choice,logic,1000,100,DACBE,1.14679
And,fast,1000,100,DACBE,1.03665
And,logic,1000,100,DACBE,17.7816
Or,fast,1000,100,DACBE,0.746047
Or,logic,1000,100,DACBE,16.0976
And_Future,fast_variant_1,1000,100,DACBE,2.90447
And_Future,fast_variant_2,1000,100,DACBE,2.7869
And_Future,logic,1000,100,DACBE,10.6315
And_Globally,fast_variant_1,1000,100,DACBE,0.174764
And_Globally,fast_variant_2,1000,100,DACBE,0.102336
And_Globally,logic,1000,100,DACBE,0.14325
Until,fast,1000,100,DACBE,0.16576
Until,logic,1000,100,DACBE,0.201688
Choice,fast,1000,100,DACBE,0.690809
Choice,logic,1000,100,DACBE,1.17816
And,fast,1000,100,DACBE,0.678702
And,logic,1000,100,DACBE,16.6945
Or,fast,1000,100,DACBE,0.883835
Or,logic,1000,100,DACBE,16.4545
And_Future,fast_variant_1,1000,100,DACBE,3.23132
And_Future,fast_variant_2,1000,100,DACBE,2.86769
And_Future,logic,1000,100,DACBE,10.8318
And_Globally,fast_variant_1,1000,100,DACBE,0.173205
And_Globally,fast_variant_2,1000,100,DACBE,0.097874
And_Globally,logic,1000,100,DACBE,0.084169
Until,fast,1000,100,DACBE,0.176763
Until,logic,1000,100,DACBE,0.202676
Choice,fast,1000,100,DACBE,0.692106
Choice,logic,1000,100,DACBE,1.22047
And,fast,100,10,ACDEB,0.011651
And,logic,100,10,ACDEB,0.060637
Or,fast,100,10,ACDEB,0.012441
Or,logic,100,10,ACDEB,0.111804
And_Future,fast_variant_1,100,10,ACDEB,0.017979
And_Future,fast_variant_2,100,10,ACDEB,0.016604
And_Future,logic,100,10,ACDEB,0.05512
And_Globally,fast_variant_1,100,10,ACDEB,0.003091
And_Globally,fast_variant_2,100,10,ACDEB,0.006737
And_Globally,logic,100,10,ACDEB,0.006694
Until,fast,100,10,ACDEB,0.093633
Until,logic,100,10,ACDEB,0.065182
Choice,fast,100,10,ACDEB,0.013066
Choice,logic,100,10,ACDEB,0.041281
And,fast,100,10,ACDEB,0.010068
And,logic,100,10,ACDEB,0.055098
Or,fast,100,10,ACDEB,0.018701
Or,logic,100,10,ACDEB,0.060542
And_Future,fast_variant_1,100,10,ACDEB,0.012235
And_Future,fast_variant_2,100,10,ACDEB,0.016662
And_Future,logic,100,10,ACDEB,0.078031
And_Globally,fast_variant_1,100,10,ACDEB,0.003137
And_Globally,fast_variant_2,100,10,ACDEB,0.006696
And_Globally,logic,100,10,ACDEB,0.006176
Until,fast,100,10,ACDEB,0.069153
Until,logic,100,10,ACDEB,0.061195
Choice,fast,100,10,ACDEB,0.012987
Choice,logic,100,10,ACDEB,0.031781
And,fast,100,10,ACDEB,0.010106
And,logic,100,10,ACDEB,0.079797
Or,fast,100,10,ACDEB,0.018105
Or,logic,100,10,ACDEB,0.070208
And_Future,fast_variant_1,100,10,ACDEB,0.018024
And_Future,fast_variant_2,100,10,ACDEB,0.025225
And_Future,logic,100,10,ACDEB,0.077848
And_Globally,fast_variant_1,100,10,ACDEB,0.003252
And_Globally,fast_variant_2,100,10,ACDEB,0.006589
And_Globally,logic,100,10,ACDEB,0.009229
Until,fast,100,10,ACDEB,0.061438
Until,logic,100,10,ACDEB,0.060063
Choice,fast,100,10,ACDEB,0.015208
Choice,logic,100,10,ACDEB,0.030776
And,fast,100,10,ACDEB,0.01051
And,logic,100,10,ACDEB,0.080332
Or,fast,100,10,ACDEB,0.018323
Or,logic,100,10,ACDEB,0.069216
And_Future,fast_variant_1,100,10,ACDEB,0.018311
And_Future,fast_variant_2,100,10,ACDEB,0.025524
And_Future,logic,100,10,ACDEB,0.076319
And_Globally,fast_variant_1,100,10,ACDEB,0.003099
And_Globally,fast_variant_2,100,10,ACDEB,0.006685
And_Globally,logic,100,10,ACDEB,0.009203
Until,fast,100,10,ACDEB,0.063841
Until,logic,100,10,ACDEB,0.06392
Choice,fast,100,10,ACDEB,0.015513
Choice,logic,100,10,ACDEB,0.034247
And,fast,100,10,ACDEB,0.011424
And,logic,100,10,ACDEB,0.087135
Or,fast,100,10,ACDEB,0.019968
Or,logic,100,10,ACDEB,0.070923
And_Future,fast_variant_1,100,10,ACDEB,0.019757
And_Future,fast_variant_2,100,10,ACDEB,0.027911
And_Future,logic,100,10,ACDEB,0.082383
And_Globally,fast_variant_1,100,10,ACDEB,0.003327
And_Globally,fast_variant_2,100,10,ACDEB,0.007135
And_Globally,logic,100,10,ACDEB,0.00988
Until,fast,100,10,ACDEB,0.07395
Until,logic,100,10,ACDEB,0.071709
Choice,fast,100,10,ACDEB,0.033833
Choice,logic,100,10,ACDEB,0.027199
And,fast,1000,10,ACDEB,0.096598
And,logic,1000,10,ACDEB,0.720545
Or,fast,1000,10,ACDEB,0.105293
Or,logic,1000,10,ACDEB,0.588866
And_Future,fast_variant_1,1000,10,ACDEB,0.082895
And_Future,fast_variant_2,1000,10,ACDEB,0.147926
And_Future,logic,1000,10,ACDEB,0.489411
And_Globally,fast_variant_1,1000,10,ACDEB,0.021
And_Globally,fast_variant_2,1000,10,ACDEB,0.043577
And_Globally,logic,1000,10,ACDEB,0.201687
Until,fast,1000,10,ACDEB,0.130759
Until,logic,1000,10,ACDEB,0.188402
Choice,fast,1000,10,ACDEB,0.106757
Choice,logic,1000,10,ACDEB,0.295446
And,fast,1000,10,ACDEB,0.086953
And,logic,1000,10,ACDEB,0.645521
Or,fast,1000,10,ACDEB,0.108995
Or,logic,1000,10,ACDEB,0.707553
And_Future,fast_variant_1,1000,10,ACDEB,0.082838
And_Future,fast_variant_2,1000,10,ACDEB,0.169306
And_Future,logic,1000,10,ACDEB,0.500794
And_Globally,fast_variant_1,1000,10,ACDEB,0.026843
And_Globally,fast_variant_2,1000,10,ACDEB,0.056858
And_Globally,logic,1000,10,ACDEB,0.057664
Until,fast,1000,10,ACDEB,0.196728
Until,logic,1000,10,ACDEB,0.19733
Choice,fast,1000,10,ACDEB,0.112944
Choice,logic,1000,10,ACDEB,0.243986
And,fast,1000,10,ACDEB,0.128483
And,logic,1000,10,ACDEB,0.638037
Or,fast,1000,10,ACDEB,0.139187
Or,logic,1000,10,ACDEB,0.791792
And_Future,fast_variant_1,1000,10,ACDEB,0.088742
And_Future,fast_variant_2,1000,10,ACDEB,0.191549
And_Future,logic,1000,10,ACDEB,0.551802
And_Globally,fast_variant_1,1000,10,ACDEB,0.021214
And_Globally,fast_variant_2,1000,10,ACDEB,0.109295
And_Globally,logic,1000,10,ACDEB,0.083864
Until,fast,1000,10,ACDEB,0.16214
Until,logic,1000,10,ACDEB,0.140121
Choice,fast,1000,10,ACDEB,0.1183
Choice,logic,1000,10,ACDEB,0.294209
And,fast,1000,10,ACDEB,0.139336
And,logic,1000,10,ACDEB,0.962432
Or,fast,1000,10,ACDEB,0.128427
Or,logic,1000,10,ACDEB,0.753199
And_Future,fast_variant_1,1000,10,ACDEB,0.104437
And_Future,fast_variant_2,1000,10,ACDEB,0.212449
And_Future,logic,1000,10,ACDEB,0.551892
And_Globally,fast_variant_1,1000,10,ACDEB,0.023678
And_Globally,fast_variant_2,1000,10,ACDEB,0.094114
And_Globally,logic,1000,10,ACDEB,0.049811
Until,fast,1000,10,ACDEB,0.183962
Until,logic,1000,10,ACDEB,0.212845
Choice,fast,1000,10,ACDEB,0.10795
Choice,logic,1000,10,ACDEB,0.268941
And,fast,1000,10,ACDEB,0.127951
And,logic,1000,10,ACDEB,0.613009
Or,fast,1000,10,ACDEB,0.103184
Or,logic,1000,10,ACDEB,0.60191
And_Future,fast_variant_1,1000,10,ACDEB,0.088674
And_Future,fast_variant_2,1000,10,ACDEB,0.143235
And_Future,logic,1000,10,ACDEB,0.48245
And_Globally,fast_variant_1,1000,10,ACDEB,0.022221
And_Globally,fast_variant_2,1000,10,ACDEB,0.046299
And_Globally,logic,1000,10,ACDEB,0.047345
Until,fast,1000,10,ACDEB,0.199435
Until,logic,1000,10,ACDEB,0.16259
Choice,fast,1000,10,ACDEB,0.10573
Choice,logic,1000,10,ACDEB,0.425705
And,fast,100,100,DACBE,0.095487
And,logic,100,100,DACBE,1.58368
Or,fast,100,100,DACBE,0.053049
Or,logic,100,100,DACBE,1.71473
And_Future,fast_variant_1,100,100,DACBE,0.218107
And_Future,fast_variant_2,100,100,DACBE,0.251193
And_Future,logic,100,100,DACBE,0.825576
And_Globally,fast_variant_1,100,100,DACBE,0.017126
And_Globally,fast_variant_2,100,100,DACBE,0.028896
And_Globally,logic,100,100,DACBE,0.029297
Until,fast,100,100,DACBE,0.199379
Until,logic,100,100,DACBE,0.170021
Choice,fast,100,100,DACBE,0.05653
Choice,logic,100,100,DACBE,0.178279
And,fast,100,100,DACBE,0.067327
And,logic,100,100,DACBE,1.76308
Or,fast,100,100,DACBE,0.073989
Or,logic,100,100,DACBE,2.07892
And_Future,fast_variant_1,100,100,DACBE,0.284542
And_Future,fast_variant_2,100,100,DACBE,0.279707
And_Future,logic,100,100,DACBE,0.980076
And_Globally,fast_variant_1,100,100,DACBE,0.019344
And_Globally,fast_variant_2,100,100,DACBE,0.032228
And_Globally,logic,100,100,DACBE,0.01051
Until,fast,100,100,DACBE,0.111229
Until,logic,100,100,DACBE,0.142657
Choice,fast,100,100,DACBE,0.060716
Choice,logic,100,100,DACBE,0.185774
And,fast,100,100,DACBE,0.048965
And,logic,100,100,DACBE,1.75289
Or,fast,100,100,DACBE,0.052773
Or,logic,100,100,DACBE,1.69267
And_Future,fast_variant_1,100,100,DACBE,0.215116
And_Future,fast_variant_2,100,100,DACBE,0.291625
And_Future,logic,100,100,DACBE,0.853667
And_Globally,fast_variant_1,100,100,DACBE,0.017493
And_Globally,fast_variant_2,100,100,DACBE,0.007901
And_Globally,logic,100,100,DACBE,0.00912
Until,fast,100,100,DACBE,0.093205
Until,logic,100,100,DACBE,0.114907
Choice,fast,100,100,DACBE,0.056477
Choice,logic,100,100,DACBE,0.180061
And,fast,100,100,DACBE,0.050855
And,logic,100,100,DACBE,1.81811
Or,fast,100,100,DACBE,0.068443
Or,logic,100,100,DACBE,1.69645
And_Future,fast_variant_1,100,100,DACBE,0.219753
And_Future,fast_variant_2,100,100,DACBE,0.267548
And_Future,logic,100,100,DACBE,0.76525
And_Globally,fast_variant_1,100,100,DACBE,0.017239
And_Globally,fast_variant_2,100,100,DACBE,0.028654
And_Globally,logic,100,100,DACBE,0.009621
Until,fast,100,100,DACBE,0.059429
Until,logic,100,100,DACBE,0.095099
Choice,fast,100,100,DACBE,0.054572
Choice,logic,100,100,DACBE,0.173493
And,fast,100,100,DACBE,0.049818
And,logic,100,100,DACBE,1.64685
Or,fast,100,100,DACBE,0.10724
Or,logic,100,100,DACBE,1.65753
And_Future,fast_variant_1,100,100,DACBE,0.23712
And_Future,fast_variant_2,100,100,DACBE,0.257609
And_Future,logic,100,100,DACBE,0.869859
And_Globally,fast_variant_1,100,100,DACBE,0.016799
And_Globally,fast_variant_2,100,100,DACBE,0.029817
And_Globally,logic,100,100,DACBE,0.009785
Until,fast,100,100,DACBE,0.107035
Until,logic,100,100,DACBE,0.114177
Choice,fast,100,100,DACBE,0.054669
Choice,logic,100,100,DACBE,0.144342
And,fast,10,100,DACBE,0.006059
And,logic,10,100,DACBE,0.184894
Or,fast,10,100,DACBE,0.006456
Or,logic,10,100,DACBE,0.194749
And_Future,fast_variant_1,10,100,DACBE,0.023046
And_Future,fast_variant_2,10,100,DACBE,0.051089
And_Future,logic,10,100,DACBE,0.092592
And_Globally,fast_variant_1,10,100,DACBE,0.001907
And_Globally,fast_variant_2,10,100,DACBE,0.001446
And_Globally,logic,10,100,DACBE,0.001765
Until,fast,10,100,DACBE,0.066449
Until,logic,10,100,DACBE,0.052119
Choice,fast,10,100,DACBE,0.006573
Choice,logic,10,100,DACBE,0.010761
And,fast,10,100,DACBE,0.00507
And,logic,10,100,DACBE,0.151853
Or,fast,10,100,DACBE,0.005764
Or,logic,10,100,DACBE,0.149278
And_Future,fast_variant_1,10,100,DACBE,0.02261
And_Future,fast_variant_2,10,100,DACBE,0.018211
And_Future,logic,10,100,DACBE,0.140002
And_Globally,fast_variant_1,10,100,DACBE,0.002185
And_Globally,fast_variant_2,10,100,DACBE,0.001393
And_Globally,logic,10,100,DACBE,0.001754
Until,fast,10,100,DACBE,0.047159
Until,logic,10,100,DACBE,0.04624
Choice,fast,10,100,DACBE,0.006164
Choice,logic,10,100,DACBE,0.010482
And,fast,10,100,DACBE,0.004888
And,logic,10,100,DACBE,0.152581
Or,fast,10,100,DACBE,0.005872
Or,logic,10,100,DACBE,0.149634
And_Future,fast_variant_1,10,100,DACBE,0.022603
And_Future,fast_variant_2,10,100,DACBE,0.01846
And_Future,logic,10,100,DACBE,0.080076
And_Globally,fast_variant_1,10,100,DACBE,0.001895
And_Globally,fast_variant_2,10,100,DACBE,0.001419
And_Globally,logic,10,100,DACBE,0.001636
Until,fast,10,100,DACBE,0.046168
Until,logic,10,100,DACBE,0.047129
Choice,fast,10,100,DACBE,0.006392
Choice,logic,10,100,DACBE,0.01136
And,fast,10,100,DACBE,0.005079
And,logic,10,100,DACBE,0.155515
Or,fast,10,100,DACBE,0.005969
Or,logic,10,100,DACBE,0.1524
And_Future,fast_variant_1,10,100,DACBE,0.022993
And_Future,fast_variant_2,10,100,DACBE,0.019003
And_Future,logic,10,100,DACBE,0.082765
And_Globally,fast_variant_1,10,100,DACBE,0.001875
And_Globally,fast_variant_2,10,100,DACBE,0.001444
And_Globally,logic,10,100,DACBE,0.001726
Until,fast,10,100,DACBE,0.047155
Until,logic,10,100,DACBE,0.047236
Choice,fast,10,100,DACBE,0.00642
Choice,logic,10,100,DACBE,0.0111
And,fast,10,100,DACBE,0.005015
And,logic,10,100,DACBE,0.182698
Or,fast,10,100,DACBE,0.006947
Or,logic,10,100,DACBE,0.166505
And_Future,fast_variant_1,10,100,DACBE,0.025682
And_Future,fast_variant_2,10,100,DACBE,0.020757
And_Future,logic,10,100,DACBE,0.090789
And_Globally,fast_variant_1,10,100,DACBE,0.002169
And_Globally,fast_variant_2,10,100,DACBE,0.001483
And_Globally,logic,10,100,DACBE,0.001877
Until,fast,10,100,DACBE,0.051727
Until,logic,10,100,DACBE,0.052044
Choice,fast,10,100,DACBE,0.007422
Choice,logic,10,100,DACBE,0.011725
And,fast,10,10,ACDEB,0.016252
And,logic,10,10,ACDEB,0.008217
Or,fast,10,10,ACDEB,0.002006
Or,logic,10,10,ACDEB,0.007749
And_Future,fast_variant_1,10,10,ACDEB,0.016482
And_Future,fast_variant_2,10,10,ACDEB,0.023756
And_Future,logic,10,10,ACDEB,0.010035
And_Globally,fast_variant_1,10,10,ACDEB,0.0005
And_Globally,fast_variant_2,10,10,ACDEB,0.001055
And_Globally,logic,10,10,ACDEB,0.001543
Until,fast,10,10,ACDEB,0.050195
Until,logic,10,10,ACDEB,0.082618
Choice,fast,10,10,ACDEB,0.001826
Choice,logic,10,10,ACDEB,0.004225
And,fast,10,10,ACDEB,0.001451
And,logic,10,10,ACDEB,0.007238
Or,fast,10,10,ACDEB,0.00126
Or,logic,10,10,ACDEB,0.007028
And_Future,fast_variant_1,10,10,ACDEB,0.001859
And_Future,fast_variant_2,10,10,ACDEB,0.002807
And_Future,logic,10,10,ACDEB,0.009194
And_Globally,fast_variant_1,10,10,ACDEB,0.000435
And_Globally,fast_variant_2,10,10,ACDEB,0.00087
And_Globally,logic,10,10,ACDEB,0.001297
Until,fast,10,10,ACDEB,0.049735
Until,logic,10,10,ACDEB,0.049799
Choice,fast,10,10,ACDEB,0.001417
Choice,logic,10,10,ACDEB,0.003584
And,fast,10,10,ACDEB,0.001382
And,logic,10,10,ACDEB,0.006786
Or,fast,10,10,ACDEB,0.001191
Or,logic,10,10,ACDEB,0.006869
And_Future,fast_variant_1,10,10,ACDEB,0.001824
And_Future,fast_variant_2,10,10,ACDEB,0.002686
And_Future,logic,10,10,ACDEB,0.009322
And_Globally,fast_variant_1,10,10,ACDEB,0.000372
And_Globally,fast_variant_2,10,10,ACDEB,0.000774
And_Globally,logic,10,10,ACDEB,0.00133
Until,fast,10,10,ACDEB,0.049918
Until,logic,10,10,ACDEB,0.054154
Choice,fast,10,10,ACDEB,0.002435
Choice,logic,10,10,ACDEB,0.003696
And,fast,10,10,ACDEB,0.001469
And,logic,10,10,ACDEB,0.006944
Or,fast,10,10,ACDEB,0.001152
Or,logic,10,10,ACDEB,0.006831
And_Future,fast_variant_1,10,10,ACDEB,0.00189
And_Future,fast_variant_2,10,10,ACDEB,0.002946
And_Future,logic,10,10,ACDEB,0.009062
And_Globally,fast_variant_1,10,10,ACDEB,0.000405
And_Globally,fast_variant_2,10,10,ACDEB,0.000867
And_Globally,logic,10,10,ACDEB,0.001329
Until,fast,10,10,ACDEB,0.049534
Until,logic,10,10,ACDEB,0.050209
Choice,fast,10,10,ACDEB,0.00131
Choice,logic,10,10,ACDEB,0.003294
And,fast,10,10,ACDEB,0.001294
And,logic,10,10,ACDEB,0.006726
Or,fast,10,10,ACDEB,0.001108
Or,logic,10,10,ACDEB,0.0066
And_Future,fast_variant_1,10,10,ACDEB,0.001773
And_Future,fast_variant_2,10,10,ACDEB,0.002838
And_Future,logic,10,10,ACDEB,0.008707
And_Globally,fast_variant_1,10,10,ACDEB,0.00045
And_Globally,fast_variant_2,10,10,ACDEB,0.00078
And_Globally,logic,10,10,ACDEB,0.001264
Until,fast,10,10,ACDEB,0.049501
Until,logic,10,10,ACDEB,0.049938
Choice,fast,10,10,ACDEB,0.001203
Choice,logic,10,10,ACDEB,0.02073
And,fast,10000,10,CDAEB,1.25444
And,logic,10000,10,CDAEB,8.09881
Or,fast,10000,10,CDAEB,1.11539
Or,logic,10000,10,CDAEB,7.40917
And_Future,fast_variant_1,10000,10,CDAEB,0.849971
And_Future,fast_variant_2,10000,10,CDAEB,1.51237
And_Future,logic,10000,10,CDAEB,7.88494
And_Globally,fast_variant_1,10000,10,CDAEB,0.354875
And_Globally,fast_variant_2,10000,10,CDAEB,0.956174
And_Globally,logic,10000,10,CDAEB,0.669141
Until,fast,10000,10,CDAEB,0.779483
Until,logic,10000,10,CDAEB,0.837521
Choice,fast,10000,10,CDAEB,1.43418
Choice,logic,10000,10,CDAEB,3.19347
And,fast,10000,10,CDAEB,1.87266
And,logic,10000,10,CDAEB,11.5225
Or,fast,10000,10,CDAEB,1.15026
Or,logic,10000,10,CDAEB,8.35058
And_Future,fast_variant_1,10000,10,CDAEB,0.910506
And_Future,fast_variant_2,10000,10,CDAEB,1.4072
And_Future,logic,10000,10,CDAEB,5.73093
And_Globally,fast_variant_1,10000,10,CDAEB,0.209933
And_Globally,fast_variant_2,10000,10,CDAEB,0.457528
And_Globally,logic,10000,10,CDAEB,0.456764
Until,fast,10000,10,CDAEB,0.666059
Until,logic,10000,10,CDAEB,0.807088
Choice,fast,10000,10,CDAEB,1.323
Choice,logic,10000,10,CDAEB,3.48771
And,fast,10000,10,CDAEB,1.51599
And,logic,10000,10,CDAEB,12.4897
Or,fast,10000,10,CDAEB,1.16035
Or,logic,10000,10,CDAEB,8.14395
And_Future,fast_variant_1,10000,10,CDAEB,0.886642
And_Future,fast_variant_2,10000,10,CDAEB,1.52399
And_Future,logic,10000,10,CDAEB,5.69914
And_Globally,fast_variant_1,10000,10,CDAEB,0.205851
And_Globally,fast_variant_2,10000,10,CDAEB,0.479918
And_Globally,logic,10000,10,CDAEB,0.673957
Until,fast,10000,10,CDAEB,0.767878
Until,logic,10000,10,CDAEB,0.832972
Choice,fast,10000,10,CDAEB,1.58376
Choice,logic,10000,10,CDAEB,2.93184
And,fast,10000,10,CDAEB,1.12665
And,logic,10000,10,CDAEB,7.741
Or,fast,10000,10,CDAEB,1.32722
Or,logic,10000,10,CDAEB,13.0142
And_Future,fast_variant_1,10000,10,CDAEB,0.888355
And_Future,fast_variant_2,10000,10,CDAEB,1.41743
And_Future,logic,10000,10,CDAEB,5.70632
And_Globally,fast_variant_1,10000,10,CDAEB,0.204159
And_Globally,fast_variant_2,10000,10,CDAEB,0.491711
And_Globally,logic,10000,10,CDAEB,0.482867
Until,fast,10000,10,CDAEB,0.666818
Until,logic,10000,10,CDAEB,0.792371
Choice,fast,10000,10,CDAEB,1.31333
Choice,logic,10000,10,CDAEB,2.71569
And,fast,10000,10,CDAEB,1.05836
And,logic,10000,10,CDAEB,7.46989
Or,fast,10000,10,CDAEB,1.1591
Or,logic,10000,10,CDAEB,8.65711
And_Future,fast_variant_1,10000,10,CDAEB,1.00121
And_Future,fast_variant_2,10000,10,CDAEB,1.52189
And_Future,logic,10000,10,CDAEB,6.71753
And_Globally,fast_variant_1,10000,10,CDAEB,0.212337
And_Globally,fast_variant_2,10000,10,CDAEB,0.462499
And_Globally,logic,10000,10,CDAEB,0.467415
Until,fast,10000,10,CDAEB,0.772479
Until,logic,10000,10,CDAEB,0.881106
Choice,fast,10000,10,CDAEB,1.46357
Choice,logic,10000,10,CDAEB,2.91943
And,fast,10000,100,DBCEA,6.9844
And,logic,10000,100,DBCEA,178.018
Or,fast,10000,100,DBCEA,11.347
Or,logic,10000,100,DBCEA,188.658
And_Future,fast_variant_1,10000,100,DBCEA,35.1972
And_Future,fast_variant_2,10000,100,DBCEA,33.6078
And_Future,logic,10000,100,DBCEA,124.201
And_Globally,fast_variant_1,10000,100,DBCEA,1.86789
And_Globally,fast_variant_2,10000,100,DBCEA,1.69706
And_Globally,logic,10000,100,DBCEA,1.19626
Until,fast,10000,100,DBCEA,1.98559
Until,logic,10000,100,DBCEA,2.24019
Choice,fast,10000,100,DBCEA,10.5056
Choice,logic,10000,100,DBCEA,20.2534
And,fast,10000,100,DBCEA,10.8228
And,logic,10000,100,DBCEA,174.096
Or,fast,10000,100,DBCEA,10.58
Or,logic,10000,100,DBCEA,178.878
And_Future,fast_variant_1,10000,100,DBCEA,35.068
And_Future,fast_variant_2,10000,100,DBCEA,28.7284
And_Future,logic,10000,100,DBCEA,130.28
And_Globally,fast_variant_1,10000,100,DBCEA,1.90671
And_Globally,fast_variant_2,10000,100,DBCEA,1.63597
And_Globally,logic,10000,100,DBCEA,1.23205
Until,fast,10000,100,DBCEA,2.4994
Until,logic,10000,100,DBCEA,2.88749
Choice,fast,10000,100,DBCEA,11.38
Choice,logic,10000,100,DBCEA,21.5822
And,fast,10000,100,DBCEA,11.1565
And,logic,10000,100,DBCEA,175.645
Or,fast,10000,100,DBCEA,12.3686
Or,logic,10000,100,DBCEA,176.794
And_Future,fast_variant_1,10000,100,DBCEA,33.6473
And_Future,fast_variant_2,10000,100,DBCEA,28.8889
And_Future,logic,10000,100,DBCEA,123.497
And_Globally,fast_variant_1,10000,100,DBCEA,2.21499
And_Globally,fast_variant_2,10000,100,DBCEA,1.7533
And_Globally,logic,10000,100,DBCEA,1.77363
Until,fast,10000,100,DBCEA,2.05052
Until,logic,10000,100,DBCEA,2.05571
Choice,fast,10000,100,DBCEA,11.4147
Choice,logic,10000,100,DBCEA,22.8432
And,fast,10000,100,DBCEA,11.177
And,logic,10000,100,DBCEA,185.551
Or,fast,10000,100,DBCEA,12.5446
Or,logic,10000,100,DBCEA,177.118
And_Future,fast_variant_1,10000,100,DBCEA,37.6656
And_Future,fast_variant_2,10000,100,DBCEA,37.586
And_Future,logic,10000,100,DBCEA,130.167
And_Globally,fast_variant_1,10000,100,DBCEA,1.97466
And_Globally,fast_variant_2,10000,100,DBCEA,3.64155
And_Globally,logic,10000,100,DBCEA,1.4104
Until,fast,10000,100,DBCEA,1.95549
Until,logic,10000,100,DBCEA,2.15906
Choice,fast,10000,100,DBCEA,12.8233
Choice,logic,10000,100,DBCEA,22.6997
And,fast,10000,100,DBCEA,13.0253
And,logic,10000,100,DBCEA,178.027
Or,fast,10000,100,DBCEA,11.4329
Or,logic,10000,100,DBCEA,181.981
And_Future,fast_variant_1,10000,100,DBCEA,34.5082
And_Future,fast_variant_2,10000,100,DBCEA,30.8882
And_Future,logic,10000,100,DBCEA,132.691
And_Globally,fast_variant_1,10000,100,DBCEA,1.91455
And_Globally,fast_variant_2,10000,100,DBCEA,1.79742
And_Globally,logic,10000,100,DBCEA,1.31285
Until,fast,10000,100,DBCEA,1.98178
Until,logic,10000,100,DBCEA,2.09007
Choice,fast,10000,100,DBCEA,11.857
Choice,logic,10000,100,DBCEA,24.2358
And,fast,100,1000,CBDAE,0.431532
And,logic,100,1000,CBDAE,162.146
Or,fast,100,1000,CBDAE,0.689285
Or,logic,100,1000,CBDAE,159.841
And_Future,fast_variant_1,100,1000,CBDAE,38.556
And_Future,fast_variant_2,100,1000,CBDAE,6.42081
And_Future,logic,100,1000,CBDAE,45.8136
And_Globally,fast_variant_1,100,1000,CBDAE,0.324111
And_Globally,fast_variant_2,100,1000,CBDAE,0.036414
And_Globally,logic,100,1000,CBDAE,0.090965
Until,fast,100,1000,CBDAE,0.114073
Until,logic,100,1000,CBDAE,0.101588
Choice,fast,100,1000,CBDAE,0.445882
Choice,logic,100,1000,CBDAE,1.15212
And,fast,100,1000,CBDAE,0.700882
And,logic,100,1000,CBDAE,161.375
Or,fast,100,1000,CBDAE,0.672069
Or,logic,100,1000,CBDAE,160.812
And_Future,fast_variant_1,100,1000,CBDAE,35.0678
And_Future,fast_variant_2,100,1000,CBDAE,3.60035
And_Future,logic,100,1000,CBDAE,35.0243
And_Globally,fast_variant_1,100,1000,CBDAE,0.170657
And_Globally,fast_variant_2,100,1000,CBDAE,0.01888
And_Globally,logic,100,1000,CBDAE,0.032246
Until,fast,100,1000,CBDAE,0.097072
Until,logic,100,1000,CBDAE,0.137613
Choice,fast,100,1000,CBDAE,0.671247
Choice,logic,100,1000,CBDAE,0.962215
And,fast,100,1000,CBDAE,0.574803
And,logic,100,1000,CBDAE,171.033
Or,fast,100,1000,CBDAE,0.81613
Or,logic,100,1000,CBDAE,160.182
And_Future,fast_variant_1,100,1000,CBDAE,35.434
And_Future,fast_variant_2,100,1000,CBDAE,3.89745
And_Future,logic,100,1000,CBDAE,34.2445
And_Globally,fast_variant_1,100,1000,CBDAE,0.170531
And_Globally,fast_variant_2,100,1000,CBDAE,0.018495
And_Globally,logic,100,1000,CBDAE,0.033162
Until,fast,100,1000,CBDAE,0.099272
Until,logic,100,1000,CBDAE,0.090461
Choice,fast,100,1000,CBDAE,0.6648
Choice,logic,100,1000,CBDAE,0.980352
And,fast,100,1000,CBDAE,0.448671
And,logic,100,1000,CBDAE,160.016
Or,fast,100,1000,CBDAE,0.703327
Or,logic,100,1000,CBDAE,160.085
And_Future,fast_variant_1,100,1000,CBDAE,35.8583
And_Future,fast_variant_2,100,1000,CBDAE,3.99478
And_Future,logic,100,1000,CBDAE,33.463
And_Globally,fast_variant_1,100,1000,CBDAE,0.172209
And_Globally,fast_variant_2,100,1000,CBDAE,0.019061
And_Globally,logic,100,1000,CBDAE,0.034552
Until,fast,100,1000,CBDAE,0.09931
Until,logic,100,1000,CBDAE,0.155618
Choice,fast,100,1000,CBDAE,0.64343
Choice,logic,100,1000,CBDAE,1.36603
And,fast,100,1000,CBDAE,0.723917
And,logic,100,1000,CBDAE,162.329
Or,fast,100,1000,CBDAE,0.672736
Or,logic,100,1000,CBDAE,159.974
And_Future,fast_variant_1,100,1000,CBDAE,35.7523
And_Future,fast_variant_2,100,1000,CBDAE,3.65582
And_Future,logic,100,1000,CBDAE,33.0239
And_Globally,fast_variant_1,100,1000,CBDAE,0.17104
And_Globally,fast_variant_2,100,1000,CBDAE,0.018747
And_Globally,logic,100,1000,CBDAE,0.033858
Until,fast,100,1000,CBDAE,0.099194
Until,logic,100,1000,CBDAE,0.086779
Choice,fast,100,1000,CBDAE,0.650288
Choice,logic,100,1000,CBDAE,0.911923
And,fast,1000,1000,CBDAE,4.73725
And,logic,1000,1000,CBDAE,1600.86
Or,fast,1000,1000,CBDAE,8.47429
Or,logic,1000,1000,CBDAE,1611.98
And_Future,fast_variant_1,1000,1000,CBDAE,397.796
And_Future,fast_variant_2,1000,1000,CBDAE,63.4761
And_Future,logic,1000,1000,CBDAE,465.674
And_Globally,fast_variant_1,1000,1000,CBDAE,1.82077
And_Globally,fast_variant_2,1000,1000,CBDAE,0.372856
And_Globally,logic,1000,1000,CBDAE,0.758701
Until,fast,1000,1000,CBDAE,0.496107
Until,logic,1000,1000,CBDAE,0.599512
Choice,fast,1000,1000,CBDAE,4.66792
Choice,logic,1000,1000,CBDAE,9.64076
And,fast,1000,1000,CBDAE,8.41791
And,logic,1000,1000,CBDAE,1635.8
Or,fast,1000,1000,CBDAE,9.12537
Or,logic,1000,1000,CBDAE,1617.46
And_Future,fast_variant_1,1000,1000,CBDAE,367.008
And_Future,fast_variant_2,1000,1000,CBDAE,39.4909
And_Future,logic,1000,1000,CBDAE,337.798
And_Globally,fast_variant_1,1000,1000,CBDAE,1.80977
And_Globally,fast_variant_2,1000,1000,CBDAE,0.380076
And_Globally,logic,1000,1000,CBDAE,0.943551
Until,fast,1000,1000,CBDAE,0.469031
Until,logic,1000,1000,CBDAE,0.544255
Choice,fast,1000,1000,CBDAE,9.90026
Choice,logic,1000,1000,CBDAE,16.5163
And,fast,1000,1000,CBDAE,8.12913
And,logic,1000,1000,CBDAE,1625.91
Or,fast,1000,1000,CBDAE,7.22837
Or,logic,1000,1000,CBDAE,1610.96
And_Future,fast_variant_1,1000,1000,CBDAE,377.253
And_Future,fast_variant_2,1000,1000,CBDAE,42.8221
And_Future,logic,1000,1000,CBDAE,332.527
And_Globally,fast_variant_1,1000,1000,CBDAE,2.04408
And_Globally,fast_variant_2,1000,1000,CBDAE,0.621588
And_Globally,logic,1000,1000,CBDAE,0.920428
Until,fast,1000,1000,CBDAE,0.457182
Until,logic,1000,1000,CBDAE,0.569037
Choice,fast,1000,1000,CBDAE,11.058
Choice,logic,1000,1000,CBDAE,18.3804
And,fast,1000,1000,CBDAE,5.04157
And,logic,1000,1000,CBDAE,1627.9
Or,fast,1000,1000,CBDAE,9.70949
Or,logic,1000,1000,CBDAE,1627.39
And_Future,fast_variant_1,1000,1000,CBDAE,385.906
And_Future,fast_variant_2,1000,1000,CBDAE,42.6016
And_Future,logic,1000,1000,CBDAE,328.295
And_Globally,fast_variant_1,1000,1000,CBDAE,2.11278
And_Globally,fast_variant_2,1000,1000,CBDAE,0.393889
And_Globally,logic,1000,1000,CBDAE,0.594465
Until,fast,1000,1000,CBDAE,0.480497
Until,logic,1000,1000,CBDAE,0.645209
Choice,fast,1000,1000,CBDAE,5.60733
Choice,logic,1000,1000,CBDAE,11.3366
And,fast,1000,1000,CBDAE,8.4376
And,logic,1000,1000,CBDAE,1657.95
Or,fast,1000,1000,CBDAE,8.64971
Or,logic,1000,1000,CBDAE,1646.68
And_Future,fast_variant_1,1000,1000,CBDAE,385.729
And_Future,fast_variant_2,1000,1000,CBDAE,46.475
And_Future,logic,1000,1000,CBDAE,337.708
And_Globally,fast_variant_1,1000,1000,CBDAE,2.08551
And_Globally,fast_variant_2,1000,1000,CBDAE,0.408305
And_Globally,logic,1000,1000,CBDAE,0.675904
Until,fast,1000,1000,CBDAE,0.443291
Until,logic,1000,1000,CBDAE,0.51121
Choice,fast,1000,1000,CBDAE,8.25162
Choice,logic,1000,1000,CBDAE,19.5257
And,fast,10000,1000,BCEAD,49.7838
And,logic,10000,1000,BCEAD,16165
Or,fast,10000,1000,BCEAD,86.946
Or,logic,10000,1000,BCEAD,16270.5
And_Future,fast_variant_1,10000,1000,BCEAD,4017.54
And_Future,fast_variant_2,10000,1000,BCEAD,658.404
And_Future,logic,10000,1000,BCEAD,-1
And_Globally,fast_variant_1,10000,1000,BCEAD,18.9938
And_Globally,fast_variant_2,10000,1000,BCEAD,4.22693
And_Globally,logic,10000,1000,BCEAD,6.10373
Until,fast,10000,1000,BCEAD,4.49731
Until,logic,10000,1000,BCEAD,5.35793
Choice,fast,10000,1000,BCEAD,50.4943
Choice,logic,10000,1000,BCEAD,106.664
And,fast,10000,1000,BCEAD,79.27
And,logic,10000,1000,BCEAD,16194.7
Or,fast,10000,1000,BCEAD,87.7376
Or,logic,10000,1000,BCEAD,16152.6
And_Future,fast_variant_1,10000,1000,BCEAD,3702.13
And_Future,fast_variant_2,10000,1000,BCEAD,634.8
And_Future,logic,10000,1000,BCEAD,-1
And_Globally,fast_variant_1,10000,1000,BCEAD,18.9031
And_Globally,fast_variant_2,10000,1000,BCEAD,4.20765
And_Globally,logic,10000,1000,BCEAD,5.98578
Until,fast,10000,1000,BCEAD,4.36979
Until,logic,10000,1000,BCEAD,5.42022
Choice,fast,10000,1000,BCEAD,87.1263
Choice,logic,10000,1000,BCEAD,165.055
And,fast,10000,1000,BCEAD,79.8578
And,logic,10000,1000,BCEAD,16113.9
Or,fast,10000,1000,BCEAD,78.0501
Or,logic,10000,1000,BCEAD,16002.3
And_Future,fast_variant_1,10000,1000,BCEAD,3670.47
And_Future,fast_variant_2,10000,1000,BCEAD,655.23
And_Future,logic,10000,1000,BCEAD,-1
And_Globally,fast_variant_1,10000,1000,BCEAD,19.485
And_Globally,fast_variant_2,10000,1000,BCEAD,4.50211
And_Globally,logic,10000,1000,BCEAD,6.22129
Until,fast,10000,1000,BCEAD,5.35124
Until,logic,10000,1000,BCEAD,5.62365
Choice,fast,10000,1000,BCEAD,88.9436
Choice,logic,10000,1000,BCEAD,165.829
And,fast,10000,1000,BCEAD,47.7099
And,logic,10000,1000,BCEAD,16053.1
Or,fast,10000,1000,BCEAD,89.3304
Or,logic,10000,1000,BCEAD,16156.1
And_Future,fast_variant_1,10000,1000,BCEAD,3667.88
And_Future,fast_variant_2,10000,1000,BCEAD,646.827
And_Future,logic,10000,1000,BCEAD,-1
And_Globally,fast_variant_1,10000,1000,BCEAD,19.5546
And_Globally,fast_variant_2,10000,1000,BCEAD,4.41657
And_Globally,logic,10000,1000,BCEAD,6.04276
Until,fast,10000,1000,BCEAD,4.44371
Until,logic,10000,1000,BCEAD,5.41673
Choice,fast,10000,1000,BCEAD,58.5531
Choice,logic,10000,1000,BCEAD,118.656
And,fast,10000,1000,BCEAD,78.8838
And,logic,10000,1000,BCEAD,16126.3
Or,fast,10000,1000,BCEAD,86.2964
Or,logic,10000,1000,BCEAD,16143.8
And_Future,fast_variant_1,10000,1000,BCEAD,3639.38
And_Future,fast_variant_2,10000,1000,BCEAD,644.493
And_Future,logic,10000,1000,BCEAD,-1
And_Globally,fast_variant_1,10000,1000,BCEAD,19.1691
And_Globally,fast_variant_2,10000,1000,BCEAD,4.19844
And_Globally,logic,10000,1000,BCEAD,6.21965
Until,fast,10000,1000,BCEAD,5.28161
Until,logic,10000,1000,BCEAD,5.9273
Choice,fast,10000,1000,BCEAD,84.6609
Choice,logic,10000,1000,BCEAD,164.669
And,fast,10,1000,CBDAE,0.04297
And,logic,10,1000,CBDAE,15.527
Or,fast,10,1000,CBDAE,0.060617
Or,logic,10,1000,CBDAE,16.2836
And_Future,fast_variant_1,10,1000,CBDAE,3.81673
And_Future,fast_variant_2,10,1000,CBDAE,0.481018
And_Future,logic,10,1000,CBDAE,4.03917
And_Globally,fast_variant_1,10,1000,CBDAE,0.017467
And_Globally,fast_variant_2,10,1000,CBDAE,0.003082
And_Globally,logic,10,1000,CBDAE,0.004041
Until,fast,10,1000,CBDAE,0.1495
Until,logic,10,1000,CBDAE,0.06862
Choice,fast,10,1000,CBDAE,0.046287
Choice,logic,10,1000,CBDAE,0.076951
And,fast,10,1000,CBDAE,0.043403
And,logic,10,1000,CBDAE,16.0865
Or,fast,10,1000,CBDAE,0.068398
Or,logic,10,1000,CBDAE,15.896
And_Future,fast_variant_1,10,1000,CBDAE,3.67714
And_Future,fast_variant_2,10,1000,CBDAE,0.327574
And_Future,logic,10,1000,CBDAE,2.90784
And_Globally,fast_variant_1,10,1000,CBDAE,0.016402
And_Globally,fast_variant_2,10,1000,CBDAE,0.002103
And_Globally,logic,10,1000,CBDAE,0.003398
Until,fast,10,1000,CBDAE,0.078771
Until,logic,10,1000,CBDAE,0.078612
Choice,fast,10,1000,CBDAE,0.046601
Choice,logic,10,1000,CBDAE,0.142222
And,fast,10,1000,CBDAE,0.041179
And,logic,10,1000,CBDAE,15.8101
Or,fast,10,1000,CBDAE,0.077023
Or,logic,10,1000,CBDAE,15.4914
And_Future,fast_variant_1,10,1000,CBDAE,3.43475
And_Future,fast_variant_2,10,1000,CBDAE,0.279409
And_Future,logic,10,1000,CBDAE,2.69661
And_Globally,fast_variant_1,10,1000,CBDAE,0.016313
And_Globally,fast_variant_2,10,1000,CBDAE,0.002099
And_Globally,logic,10,1000,CBDAE,0.002944
Until,fast,10,1000,CBDAE,0.111993
Until,logic,10,1000,CBDAE,0.115234
Choice,fast,10,1000,CBDAE,0.053895
Choice,logic,10,1000,CBDAE,0.154122
And,fast,10,1000,CBDAE,0.04242
And,logic,10,1000,CBDAE,15.9869
Or,fast,10,1000,CBDAE,0.044933
Or,logic,10,1000,CBDAE,15.5153
And_Future,fast_variant_1,10,1000,CBDAE,3.67129
And_Future,fast_variant_2,10,1000,CBDAE,0.437443
And_Future,logic,10,1000,CBDAE,3.02021
And_Globally,fast_variant_1,10,1000,CBDAE,0.016434
And_Globally,fast_variant_2,10,1000,CBDAE,0.002333
And_Globally,logic,10,1000,CBDAE,0.00306
Until,fast,10,1000,CBDAE,0.084522
Until,logic,10,1000,CBDAE,0.057796
Choice,fast,10,1000,CBDAE,0.045895
Choice,logic,10,1000,CBDAE,0.078911
And,fast,10,1000,CBDAE,0.042331
And,logic,10,1000,CBDAE,15.9103
Or,fast,10,1000,CBDAE,0.048526
Or,logic,10,1000,CBDAE,15.7867
And_Future,fast_variant_1,10,1000,CBDAE,3.47165
And_Future,fast_variant_2,10,1000,CBDAE,0.378467
And_Future,logic,10,1000,CBDAE,2.77096
And_Globally,fast_variant_1,10,1000,CBDAE,0.016329
And_Globally,fast_variant_2,10,1000,CBDAE,0.002258
And_Globally,logic,10,1000,CBDAE,0.003059
Until,fast,10,1000,CBDAE,0.101624
Until,logic,10,1000,CBDAE,0.089182
Choice,fast,10,1000,CBDAE,0.044088
Choice,logic,10,1000,CBDAE,0.077983
And,fast,10,10000,DCBEA,0.424031
And,logic,10,10000,DCBEA,2127.91
Or,fast,10,10000,DCBEA,0.695652
Or,logic,10,10000,DCBEA,2129.02
And_Future,fast_variant_1,10,10000,DCBEA,585.195
And_Future,fast_variant_2,10,10000,DCBEA,45.838
And_Future,logic,10,10000,DCBEA,388.084
And_Globally,fast_variant_1,10,10000,DCBEA,0.169366
And_Globally,fast_variant_2,10,10000,DCBEA,0.004172
And_Globally,logic,10,10000,DCBEA,0.02081
Until,fast,10,10000,DCBEA,0.07006
Until,logic,10,10000,DCBEA,0.053278
Choice,fast,10,10000,DCBEA,0.416065
Choice,logic,10,10000,DCBEA,0.839116
And,fast,10,10000,DCBEA,0.54138
And,logic,10,10000,DCBEA,2218.09
Or,fast,10,10000,DCBEA,1.24357
Or,logic,10,10000,DCBEA,2197.45
And_Future,fast_variant_1,10,10000,DCBEA,554.209
And_Future,fast_variant_2,10,10000,DCBEA,17.7843
And_Future,logic,10,10000,DCBEA,244.005
And_Globally,fast_variant_1,10,10000,DCBEA,0.171448
And_Globally,fast_variant_2,10,10000,DCBEA,0.004062
And_Globally,logic,10,10000,DCBEA,0.01959
Until,fast,10,10000,DCBEA,0.063205
Until,logic,10,10000,DCBEA,0.051356
Choice,fast,10,10000,DCBEA,0.661688
Choice,logic,10,10000,DCBEA,0.813789
And,fast,10,10000,DCBEA,0.518717
And,logic,10,10000,DCBEA,2102.88
Or,fast,10,10000,DCBEA,0.603072
Or,logic,10,10000,DCBEA,2089.28
And_Future,fast_variant_1,10,10000,DCBEA,556.429
And_Future,fast_variant_2,10,10000,DCBEA,18.0196
And_Future,logic,10,10000,DCBEA,244.467
And_Globally,fast_variant_1,10,10000,DCBEA,0.168411
And_Globally,fast_variant_2,10,10000,DCBEA,0.003495
And_Globally,logic,10,10000,DCBEA,0.021124
Until,fast,10,10000,DCBEA,0.063425
Until,logic,10,10000,DCBEA,0.05253
Choice,fast,10,10000,DCBEA,0.59838
Choice,logic,10,10000,DCBEA,0.896881
And,fast,10,10000,DCBEA,0.399494
And,logic,10,10000,DCBEA,2101.56
Or,fast,10,10000,DCBEA,0.719669
Or,logic,10,10000,DCBEA,2095.88
And_Future,fast_variant_1,10,10000,DCBEA,553.456
And_Future,fast_variant_2,10,10000,DCBEA,18.6206
And_Future,logic,10,10000,DCBEA,243.91
And_Globally,fast_variant_1,10,10000,DCBEA,0.16195
And_Globally,fast_variant_2,10,10000,DCBEA,0.003242
And_Globally,logic,10,10000,DCBEA,0.021103
Until,fast,10,10000,DCBEA,0.065026
Until,logic,10,10000,DCBEA,0.052854
Choice,fast,10,10000,DCBEA,0.459556
Choice,logic,10,10000,DCBEA,0.733874
And,fast,10,10000,DCBEA,0.558498
And,logic,10,10000,DCBEA,2103.77
Or,fast,10,10000,DCBEA,0.614167
Or,logic,10,10000,DCBEA,2095.79
And_Future,fast_variant_1,10,10000,DCBEA,554.971
And_Future,fast_variant_2,10,10000,DCBEA,18.2924
And_Future,logic,10,10000,DCBEA,244.29
And_Globally,fast_variant_1,10,10000,DCBEA,0.17458
And_Globally,fast_variant_2,10,10000,DCBEA,0.003522
And_Globally,logic,10,10000,DCBEA,0.023086
Until,fast,10,10000,DCBEA,0.06371
Until,logic,10,10000,DCBEA,0.05177
Choice,fast,10,10000,DCBEA,0.604889
Choice,logic,10,10000,DCBEA,1.00838
And,fast,1000,10000,DCBEA,47.0684
And,logic,1000,10000,DCBEA,222013
Or,fast,1000,10000,DCBEA,84.7725
Or,logic,1000,10000,DCBEA,218914
And_Future,fast_variant_1,1000,10000,DCBEA,-1
And_Future,fast_variant_2,1000,10000,DCBEA,-1
And_Future,logic,1000,10000,DCBEA,-1
And_Globally,fast_variant_1,1000,10000,DCBEA,18.7689
And_Globally,fast_variant_2,1000,10000,DCBEA,0.671287
And_Globally,logic,1000,10000,DCBEA,4.14176
Until,fast,1000,10000,DCBEA,0.780174
Until,logic,1000,10000,DCBEA,1.0475
Choice,fast,1000,10000,DCBEA,61.7273
Choice,logic,1000,10000,DCBEA,129.488
And,fast,1000,10000,DCBEA,77.1884
And,logic,1000,10000,DCBEA,223558
Or,fast,1000,10000,DCBEA,88.2557
Or,logic,1000,10000,DCBEA,251056
And_Future,fast_variant_1,1000,10000,DCBEA,-1
And_Future,fast_variant_2,1000,10000,DCBEA,-1
And_Future,logic,1000,10000,DCBEA,-1
And_Globally,fast_variant_1,1000,10000,DCBEA,24.621
And_Globally,fast_variant_2,1000,10000,DCBEA,0.764408
And_Globally,logic,1000,10000,DCBEA,9.47448
Until,fast,1000,10000,DCBEA,0.962126
Until,logic,1000,10000,DCBEA,2.43904
Choice,fast,1000,10000,DCBEA,110.187
Choice,logic,1000,10000,DCBEA,213.669
And,fast,1000,10000,DCBEA,114.54
And,logic,1000,10000,DCBEA,287870
Or,fast,1000,10000,DCBEA,115.035
Or,logic,1000,10000,DCBEA,293754
And_Future,fast_variant_1,1000,10000,DCBEA,-1
And_Future,fast_variant_2,1000,10000,DCBEA,-1
And_Future,logic,1000,10000,DCBEA,-1
And_Globally,fast_variant_1,1000,10000,DCBEA,29.122
And_Globally,fast_variant_2,1000,10000,DCBEA,0.820587
And_Globally,logic,1000,10000,DCBEA,8.91641
Until,fast,1000,10000,DCBEA,1.03919
Until,logic,1000,10000,DCBEA,1.2551
Choice,fast,1000,10000,DCBEA,149.493
Choice,logic,1000,10000,DCBEA,273.743
And,fast,1000,10000,DCBEA,92.947
And,logic,1000,10000,DCBEA,231660
Or,fast,1000,10000,DCBEA,93.7561
Or,logic,1000,10000,DCBEA,219637
And_Future,fast_variant_1,1000,10000,DCBEA,-1
And_Future,fast_variant_2,1000,10000,DCBEA,-1
And_Future,logic,1000,10000,DCBEA,-1
And_Globally,fast_variant_1,1000,10000,DCBEA,19.4566
And_Globally,fast_variant_2,1000,10000,DCBEA,0.658538
And_Globally,logic,1000,10000,DCBEA,5.20764
Until,fast,1000,10000,DCBEA,0.775518
Until,logic,1000,10000,DCBEA,1.00869
Choice,fast,1000,10000,DCBEA,66.2375
Choice,logic,1000,10000,DCBEA,146.229
And,fast,1000,10000,DCBEA,86.1372
And,logic,1000,10000,DCBEA,224933
Or,fast,1000,10000,DCBEA,82.9989
Or,logic,1000,10000,DCBEA,218907
And_Future,fast_variant_1,1000,10000,DCBEA,-1
And_Future,fast_variant_2,1000,10000,DCBEA,-1
And_Future,logic,1000,10000,DCBEA,-1
And_Globally,fast_variant_1,1000,10000,DCBEA,20.5577
And_Globally,fast_variant_2,1000,10000,DCBEA,0.775903
And_Globally,logic,1000,10000,DCBEA,5.11261
Until,fast,1000,10000,DCBEA,0.847473
Until,logic,1000,10000,DCBEA,0.994452
Choice,fast,1000,10000,DCBEA,78.8642
Choice,logic,1000,10000,DCBEA,162.518
And,fast,100,10000,DCBEA,6.62211
And,logic,100,10000,DCBEA,22315.9
Or,fast,100,10000,DCBEA,8.4814
Or,logic,100,10000,DCBEA,23354.5
And_Future,fast_variant_1,100,10000,DCBEA,6038.4
And_Future,fast_variant_2,100,10000,DCBEA,504.147
And_Future,logic,100,10000,DCBEA,-1
And_Globally,fast_variant_1,100,10000,DCBEA,2.10708
And_Globally,fast_variant_2,100,10000,DCBEA,0.066538
And_Globally,logic,100,10000,DCBEA,0.494036
Until,fast,100,10000,DCBEA,0.146974
Until,logic,100,10000,DCBEA,0.139618
Choice,fast,100,10000,DCBEA,5.12706
Choice,logic,100,10000,DCBEA,9.21185
And,fast,100,10000,DCBEA,7.26936
And,logic,100,10000,DCBEA,22931.9
Or,fast,100,10000,DCBEA,10.0354
Or,logic,100,10000,DCBEA,23628.9
And_Future,fast_variant_1,100,10000,DCBEA,5754.17
And_Future,fast_variant_2,100,10000,DCBEA,469.749
And_Future,logic,100,10000,DCBEA,-1
And_Globally,fast_variant_1,100,10000,DCBEA,1.84661
And_Globally,fast_variant_2,100,10000,DCBEA,0.058165
And_Globally,logic,100,10000,DCBEA,0.5421
Until,fast,100,10000,DCBEA,0.148502
Until,logic,100,10000,DCBEA,0.137028
Choice,fast,100,10000,DCBEA,9.68195
Choice,logic,100,10000,DCBEA,18.002
And,fast,100,10000,DCBEA,7.84064
And,logic,100,10000,DCBEA,21988.3
Or,fast,100,10000,DCBEA,7.80254
Or,logic,100,10000,DCBEA,21809.9
And_Future,fast_variant_1,100,10000,DCBEA,5893.75
And_Future,fast_variant_2,100,10000,DCBEA,464.886
And_Future,logic,100,10000,DCBEA,-1
And_Globally,fast_variant_1,100,10000,DCBEA,1.88506
And_Globally,fast_variant_2,100,10000,DCBEA,0.098359
And_Globally,logic,100,10000,DCBEA,0.699007
Until,fast,100,10000,DCBEA,0.343391
Until,logic,100,10000,DCBEA,0.223511
Choice,fast,100,10000,DCBEA,8.87628
Choice,logic,100,10000,DCBEA,20.3095
And,fast,100,10000,DCBEA,4.45706
And,logic,100,10000,DCBEA,22110.3
Or,fast,100,10000,DCBEA,8.6204
Or,logic,100,10000,DCBEA,21983.9
And_Future,fast_variant_1,100,10000,DCBEA,5881.72
And_Future,fast_variant_2,100,10000,DCBEA,470.226
And_Future,logic,100,10000,DCBEA,-1
And_Globally,fast_variant_1,100,10000,DCBEA,1.89231
And_Globally,fast_variant_2,100,10000,DCBEA,0.113382
And_Globally,logic,100,10000,DCBEA,0.682369
Until,fast,100,10000,DCBEA,0.153986
Until,logic,100,10000,DCBEA,0.132982
Choice,fast,100,10000,DCBEA,6.09496
Choice,logic,100,10000,DCBEA,12.8645
And,fast,100,10000,DCBEA,7.76438
And,logic,100,10000,DCBEA,22252.4
Or,fast,100,10000,DCBEA,9.20549
Or,logic,100,10000,DCBEA,21145.2
And_Future,fast_variant_1,100,10000,DCBEA,5796.02
And_Future,fast_variant_2,100,10000,DCBEA,484.337
And_Future,logic,100,10000,DCBEA,-1
And_Globally,fast_variant_1,100,10000,DCBEA,2.12196
And_Globally,fast_variant_2,100,10000,DCBEA,0.058521
And_Globally,logic,100,10000,DCBEA,0.496385
Until,fast,100,10000,DCBEA,0.234095
Until,logic,100,10000,DCBEA,0.192992
Choice,fast,100,10000,DCBEA,11.5203
Choice,logic,100,10000,DCBEA,20.6577
And,fast,10000,10000,DCBEA,-1
And,logic,10000,10000,DCBEA,-1
Or,fast,10000,10000,DCBEA,-1
Or,logic,10000,10000,DCBEA,-1
And_Future,fast_variant_1,10000,10000,DCBEA,-1
And_Future,fast_variant_2,10000,10000,DCBEA,-1
And_Future,logic,10000,10000,DCBEA,-1
And_Globally,fast_variant_1,10000,10000,DCBEA,-1
And_Globally,fast_variant_2,10000,10000,DCBEA,-1
And_Globally,logic,10000,10000,DCBEA,-1
Until,fast,10000,10000,DCBEA,-1
Until,logic,10000,10000,DCBEA,-1
Choice,fast,10000,10000,DCBEA,-1
Choice,logic,10000,10000,DCBEA,-1
And,fast,10000,10000,DCBEA,-1
And,logic,10000,10000,DCBEA,-1
Or,fast,10000,10000,DCBEA,-1
Or,logic,10000,10000,DCBEA,-1
And_Future,fast_variant_1,10000,10000,DCBEA,-1
And_Future,fast_variant_2,10000,10000,DCBEA,-1
And_Future,logic,10000,10000,DCBEA,-1
And_Globally,fast_variant_1,10000,10000,DCBEA,-1
And_Globally,fast_variant_2,10000,10000,DCBEA,-1
And_Globally,logic,10000,10000,DCBEA,-1
Until,fast,10000,10000,DCBEA,-1
Until,logic,10000,10000,DCBEA,-1
Choice,fast,10000,10000,DCBEA,-1
Choice,logic,10000,10000,DCBEA,-1
And,fast,10000,10000,DCBEA,-1
And,logic,10000,10000,DCBEA,-1
Or,fast,10000,10000,DCBEA,-1
Or,logic,10000,10000,DCBEA,-1
And_Future,fast_variant_1,10000,10000,DCBEA,-1
And_Future,fast_variant_2,10000,10000,DCBEA,-1
And_Future,logic,10000,10000,DCBEA,-1
And_Globally,fast_variant_1,10000,10000,DCBEA,-1
And_Globally,fast_variant_2,10000,10000,DCBEA,-1
And_Globally,logic,10000,10000,DCBEA,-1
Until,fast,10000,10000,DCBEA,-1
Until,logic,10000,10000,DCBEA,-1
Choice,fast,10000,10000,DCBEA,-1
Choice,logic,10000,10000,DCBEA,-1
And,fast,10000,10000,DCBEA,-1
And,logic,10000,10000,DCBEA,-1
Or,fast,10000,10000,DCBEA,-1
Or,logic,10000,10000,DCBEA,-1
And_Future,fast_variant_1,10000,10000,DCBEA,-1
And_Future,fast_variant_2,10000,10000,DCBEA,-1
And_Future,logic,10000,10000,DCBEA,-1
And_Globally,fast_variant_1,10000,10000,DCBEA,-1
And_Globally,fast_variant_2,10000,10000,DCBEA,-1
And_Globally,logic,10000,10000,DCBEA,-1
Until,fast,10000,10000,DCBEA,-1
Until,logic,10000,10000,DCBEA,-1
Choice,fast,10000,10000,DCBEA,-1
Choice,logic,10000,10000,DCBEA,-1
And,fast,10000,10000,DCBEA,-1
And,logic,10000,10000,DCBEA,-1
Or,fast,10000,10000,DCBEA,-1
Or,logic,10000,10000,DCBEA,-1
And_Future,fast_variant_1,10000,10000,DCBEA,-1
And_Future,fast_variant_2,10000,10000,DCBEA,-1
And_Future,logic,10000,10000,DCBEA,-1
And_Globally,fast_variant_1,10000,10000,DCBEA,-1
And_Globally,fast_variant_2,10000,10000,DCBEA,-1
And_Globally,logic,10000,10000,DCBEA,-1
Until,fast,10000,10000,DCBEA,-1
Until,logic,10000,10000,DCBEA,-1
Choice,fast,10000,10000,DCBEA,-1
Choice,logic,10000,10000,DCBEA,-1
And,fast,10,10000,DCBEA,0.597091
And,logic,10,10000,DCBEA,2687.11
Or,fast,10,10000,DCBEA,0.689352
Or,logic,10,10000,DCBEA,2103.71
And_Future,fast_variant_1,10,10000,DCBEA,615.945
And_Future,fast_variant_2,10,10000,DCBEA,43.996
And_Future,logic,10,10000,DCBEA,423.062
And_Globally,fast_variant_1,10,10000,DCBEA,0.213644
And_Globally,fast_variant_2,10,10000,DCBEA,0.023805
And_Globally,logic,10,10000,DCBEA,0.024684
Until,fast,10,10000,DCBEA,0.076514
Until,logic,10,10000,DCBEA,0.08446
Choice,fast,10,10000,DCBEA,0.41311
Choice,logic,10,10000,DCBEA,0.827793
And,fast,10,10000,DCBEA,0.57254
And,logic,10,10000,DCBEA,2194.39
Or,fast,10,10000,DCBEA,0.67346
Or,logic,10,10000,DCBEA,2317.56
And_Future,fast_variant_1,10,10000,DCBEA,643.106
And_Future,fast_variant_2,10,10000,DCBEA,16.4673
And_Future,logic,10,10000,DCBEA,309.163
And_Globally,fast_variant_1,10,10000,DCBEA,0.265512
And_Globally,fast_variant_2,10,10000,DCBEA,0.008112
And_Globally,logic,10,10000,DCBEA,0.115598
Until,fast,10,10000,DCBEA,0.10327
Until,logic,10,10000,DCBEA,0.111592
Choice,fast,10,10000,DCBEA,1.15062
Choice,logic,10,10000,DCBEA,1.97579
And,fast,10,10000,DCBEA,0.829264
