filename,GraphGenerationTime,GraphVisitTime,SerialisationTime,Total,AtomSize,minL,maxL,S
/home/giacomo/projects/loggen/convert_same/data/test_gen_2_dataful.powerdecl,0.647148,0.333138,78.4746,79.4549,19,10,10,10
/home/giacomo/projects/loggen/convert_same/data/test_gen_2_dataful.powerdecl,0.64771,0.3297,0.049578,1.02699,19,10,10,10
/home/giacomo/projects/loggen/convert_same/data/test_gen_2_dataful.powerdecl,0.649012,0.46496,0.055952,1.16992,19,10,10,10
/home/giacomo/projects/loggen/convert_same/data/test_gen_2_dataful.powerdecl,0.63505,0.320329,0.041255,0.996634,19,10,10,10
/home/giacomo/projects/loggen/convert_same/data/test_gen_2_dataful.powerdecl,0.677668,0.323933,0.040629,1.04223,19,10,10,10
/home/giacomo/projects/loggen/convert_same/data/test_gen_4_dataful.powerdecl,4.54714,0.704966,57.8584,63.1105,20,10,10,10
/home/giacomo/projects/loggen/convert_same/data/test_gen_4_dataful.powerdecl,4.7943,0.664128,0.061883,5.52031,20,10,10,10
/home/giacomo/projects/loggen/convert_same/data/test_gen_4_dataful.powerdecl,4.44092,0.653293,0.057652,5.15186,20,10,10,10
/home/giacomo/projects/loggen/convert_same/data/test_gen_4_dataful.powerdecl,4.57928,0.64525,0.050015,5.27455,20,10,10,10
/home/giacomo/projects/loggen/convert_same/data/test_gen_4_dataful.powerdecl,4.66341,0.639093,0.049593,5.35209,20,10,10,10
/home/giacomo/projects/loggen/convert_same/data/test_gen_6_dataful.powerdecl,13.5112,0.784001,51.4816,65.7767,23,10,10,10
/home/giacomo/projects/loggen/convert_same/data/test_gen_6_dataful.powerdecl,13.4355,0.781852,1.63822,15.8555,23,10,10,10
/home/giacomo/projects/loggen/convert_same/data/test_gen_6_dataful.powerdecl,13.3441,0.784451,1.65384,15.7823,23,10,10,10
/home/giacomo/projects/loggen/convert_same/data/test_gen_6_dataful.powerdecl,13.488,0.772683,1.65848,15.9192,23,10,10,10
/home/giacomo/projects/loggen/convert_same/data/test_gen_6_dataful.powerdecl,13.0032,0.767929,1.62798,15.3991,23,10,10,10
/home/giacomo/projects/loggen/convert_same/data/test_gen_8_dataful.powerdecl,65.9235,2.17105,34.2193,102.314,32,10,10,10
/home/giacomo/projects/loggen/convert_same/data/test_gen_8_dataful.powerdecl,68.2268,2.18339,0.107258,70.5175,32,10,10,10
/home/giacomo/projects/loggen/convert_same/data/test_gen_8_dataful.powerdecl,65.6058,2.21575,0.100202,67.9218,32,10,10,10
/home/giacomo/projects/loggen/convert_same/data/test_gen_8_dataful.powerdecl,67.6924,2.1881,0.111212,69.9917,32,10,10,10
/home/giacomo/projects/loggen/convert_same/data/test_gen_8_dataful.powerdecl,68.4296,2.17007,0.097164,70.6969,32,10,10,10
/home/giacomo/projects/loggen/convert_same/data/test_gen_10_dataful.powerdecl,232.074,8.62648,53.4851,294.186,35,10,10,10
/home/giacomo/projects/loggen/convert_same/data/test_gen_10_dataful.powerdecl,234.544,8.52183,13.6157,256.682,35,10,10,10
/home/giacomo/projects/loggen/convert_same/data/test_gen_10_dataful.powerdecl,229.502,8.31619,13.4864,251.305,35,10,10,10
/home/giacomo/projects/loggen/convert_same/data/test_gen_10_dataful.powerdecl,234.846,8.30285,13.4773,256.627,35,10,10,10
/home/giacomo/projects/loggen/convert_same/data/test_gen_10_dataful.powerdecl,233.476,8.55541,13.782,255.814,35,10,10,10
/home/giacomo/projects/loggen/convert_same/data/test_gen_2_dataful.powerdecl,0.634795,0.452225,0.134085,1.2211,19,100,100,10
/home/giacomo/projects/loggen/convert_same/data/test_gen_2_dataful.powerdecl,0.641233,0.506152,0.104111,1.2515,19,100,100,10
/home/giacomo/projects/loggen/convert_same/data/test_gen_2_dataful.powerdecl,0.614384,0.44887,0.077205,1.14046,19,100,100,10
/home/giacomo/projects/loggen/convert_same/data/test_gen_2_dataful.powerdecl,0.674662,0.466539,0.094443,1.23564,19,100,100,10
/home/giacomo/projects/loggen/convert_same/data/test_gen_2_dataful.powerdecl,0.637925,0.45043,0.044522,1.13288,19,100,100,10
/home/giacomo/projects/loggen/convert_same/data/test_gen_4_dataful.powerdecl,4.42253,0.786505,0.114707,5.32374,20,100,100,10
/home/giacomo/projects/loggen/convert_same/data/test_gen_4_dataful.powerdecl,4.60111,0.809829,0.102411,5.51335,20,100,100,10
/home/giacomo/projects/loggen/convert_same/data/test_gen_4_dataful.powerdecl,4.43887,0.808469,0.093351,5.34069,20,100,100,10
/home/giacomo/projects/loggen/convert_same/data/test_gen_4_dataful.powerdecl,4.51467,0.759334,0.108137,5.38215,20,100,100,10
/home/giacomo/projects/loggen/convert_same/data/test_gen_4_dataful.powerdecl,4.48077,0.802537,0.05543,5.33874,20,100,100,10
/home/giacomo/projects/loggen/convert_same/data/test_gen_6_dataful.powerdecl,13.3186,0.957162,5.35321,19.629,23,100,100,10
/home/giacomo/projects/loggen/convert_same/data/test_gen_6_dataful.powerdecl,13.6166,0.871298,5.41552,19.9034,23,100,100,10
/home/giacomo/projects/loggen/convert_same/data/test_gen_6_dataful.powerdecl,13.1751,0.905499,5.59939,19.68,23,100,100,10
/home/giacomo/projects/loggen/convert_same/data/test_gen_6_dataful.powerdecl,13.8754,0.995768,5.76379,20.6349,23,100,100,10
/home/giacomo/projects/loggen/convert_same/data/test_gen_6_dataful.powerdecl,13.5295,0.966623,5.78165,20.2778,23,100,100,10
/home/giacomo/projects/loggen/convert_same/data/test_gen_8_dataful.powerdecl,70.1612,2.31903,0.153479,72.6337,32,100,100,10
/home/giacomo/projects/loggen/convert_same/data/test_gen_8_dataful.powerdecl,71.0193,2.29719,0.203733,73.5202,32,100,100,10
/home/giacomo/projects/loggen/convert_same/data/test_gen_8_dataful.powerdecl,71.1983,2.32228,0.186735,73.7074,32,100,100,10
/home/giacomo/projects/loggen/convert_same/data/test_gen_8_dataful.powerdecl,70.4825,2.33868,0.110876,72.932,32,100,100,10
/home/giacomo/projects/loggen/convert_same/data/test_gen_8_dataful.powerdecl,68.0346,2.29716,0.109422,70.4412,32,100,100,10
/home/giacomo/projects/loggen/convert_same/data/test_gen_10_dataful.powerdecl,242.367,8.75391,137.775,388.896,35,100,100,10
/home/giacomo/projects/loggen/convert_same/data/test_gen_10_dataful.powerdecl,239.363,8.32422,132.643,380.33,35,100,100,10
/home/giacomo/projects/loggen/convert_same/data/test_gen_10_dataful.powerdecl,235.141,8.47258,134.053,377.666,35,100,100,10
/home/giacomo/projects/loggen/convert_same/data/test_gen_10_dataful.powerdecl,236.333,8.54506,135.99,380.867,35,100,100,10
/home/giacomo/projects/loggen/convert_same/data/test_gen_10_dataful.powerdecl,235.43,8.61346,133.142,377.186,35,100,100,10
/home/giacomo/projects/loggen/convert_same/data/test_gen_2_dataful.powerdecl,0.663465,1.4616,0.146222,2.27129,19,1000,1000,10
/home/giacomo/projects/loggen/convert_same/data/test_gen_2_dataful.powerdecl,0.649166,1.48394,0.048622,2.18173,19,1000,1000,10
/home/giacomo/projects/loggen/convert_same/data/test_gen_2_dataful.powerdecl,0.632765,1.49225,0.090176,2.21519,19,1000,1000,10
/home/giacomo/projects/loggen/convert_same/data/test_gen_2_dataful.powerdecl,0.626893,1.48057,0.069629,2.17709,19,1000,1000,10
/home/giacomo/projects/loggen/convert_same/data/test_gen_2_dataful.powerdecl,0.63002,1.51442,0.03961,2.18405,19,1000,1000,10
/home/giacomo/projects/loggen/convert_same/data/test_gen_4_dataful.powerdecl,4.45988,1.69451,0.099598,6.25398,20,1000,1000,10
/home/giacomo/projects/loggen/convert_same/data/test_gen_4_dataful.powerdecl,4.53575,1.86895,0.087544,6.49224,20,1000,1000,10
/home/giacomo/projects/loggen/convert_same/data/test_gen_4_dataful.powerdecl,4.48742,1.71417,0.055137,6.25673,20,1000,1000,10
/home/giacomo/projects/loggen/convert_same/data/test_gen_4_dataful.powerdecl,4.46789,1.71457,0.103502,6.28597,20,1000,1000,10
/home/giacomo/projects/loggen/convert_same/data/test_gen_4_dataful.powerdecl,4.37176,1.68918,0.09873,6.15967,20,1000,1000,10
/home/giacomo/projects/loggen/convert_same/data/test_gen_6_dataful.powerdecl,13.0867,2.00938,42.0177,57.1137,23,1000,1000,10
/home/giacomo/projects/loggen/convert_same/data/test_gen_6_dataful.powerdecl,13.8053,1.78423,43.5117,59.1013,23,1000,1000,10
/home/giacomo/projects/loggen/convert_same/data/test_gen_6_dataful.powerdecl,14.2725,1.84693,40.1257,56.2451,23,1000,1000,10
/home/giacomo/projects/loggen/convert_same/data/test_gen_6_dataful.powerdecl,13.3863,1.67551,40.4077,55.4694,23,1000,1000,10
/home/giacomo/projects/loggen/convert_same/data/test_gen_6_dataful.powerdecl,13.3798,1.68128,41.6502,56.7112,23,1000,1000,10
/home/giacomo/projects/loggen/convert_same/data/test_gen_8_dataful.powerdecl,68.1247,2.89026,0.73704,71.752,32,1000,1000,10
/home/giacomo/projects/loggen/convert_same/data/test_gen_8_dataful.powerdecl,67.4242,2.98676,0.147147,70.5581,32,1000,1000,10
/home/giacomo/projects/loggen/convert_same/data/test_gen_8_dataful.powerdecl,69.5088,2.9588,0.204145,72.6717,32,1000,1000,10
/home/giacomo/projects/loggen/convert_same/data/test_gen_8_dataful.powerdecl,69.8957,2.94188,0.148365,72.9859,32,1000,1000,10
/home/giacomo/projects/loggen/convert_same/data/test_gen_8_dataful.powerdecl,70.2816,2.95581,0.193062,73.4305,32,1000,1000,10
/home/giacomo/projects/loggen/convert_same/data/test_gen_10_dataful.powerdecl,238.583,10.1113,1392.55,1641.25,35,1000,1000,10
/home/giacomo/projects/loggen/convert_same/data/test_gen_10_dataful.powerdecl,237.287,10.0884,1388.47,1635.85,35,1000,1000,10
/home/giacomo/projects/loggen/convert_same/data/test_gen_10_dataful.powerdecl,239.724,10.1042,1384.3,1634.13,35,1000,1000,10
/home/giacomo/projects/loggen/convert_same/data/test_gen_10_dataful.powerdecl,230,9.89583,1376.18,1616.08,35,1000,1000,10
/home/giacomo/projects/loggen/convert_same/data/test_gen_10_dataful.powerdecl,232.347,10.1425,1372.19,1614.68,35,1000,1000,10
/home/giacomo/projects/loggen/convert_same/data/test_gen_2_dataful.powerdecl,0.693172,16.6259,0.072754,17.3918,19,10000,10000,10
/home/giacomo/projects/loggen/convert_same/data/test_gen_2_dataful.powerdecl,0.646909,16.6478,0.191965,17.4866,19,10000,10000,10
/home/giacomo/projects/loggen/convert_same/data/test_gen_2_dataful.powerdecl,0.626752,17.0847,0.246936,17.9584,19,10000,10000,10
/home/giacomo/projects/loggen/convert_same/data/test_gen_2_dataful.powerdecl,0.665398,17.1038,0.221162,17.9903,19,10000,10000,10
/home/giacomo/projects/loggen/convert_same/data/test_gen_2_dataful.powerdecl,0.658461,16.7294,0.186195,17.574,19,10000,10000,10
/home/giacomo/projects/loggen/convert_same/data/test_gen_4_dataful.powerdecl,4.56996,11.18,0.202673,15.9527,20,10000,10000,10
/home/giacomo/projects/loggen/convert_same/data/test_gen_4_dataful.powerdecl,4.65305,11.7371,0.196271,16.5864,20,10000,10000,10
/home/giacomo/projects/loggen/convert_same/data/test_gen_4_dataful.powerdecl,4.62635,11.7893,0.242924,16.6586,20,10000,10000,10
/home/giacomo/projects/loggen/convert_same/data/test_gen_4_dataful.powerdecl,4.79422,11.2231,0.205537,16.2229,20,10000,10000,10
/home/giacomo/projects/loggen/convert_same/data/test_gen_4_dataful.powerdecl,4.75155,11.6956,0.209122,16.6563,20,10000,10000,10
/home/giacomo/projects/loggen/convert_same/data/test_gen_6_dataful.powerdecl,14.9557,10.0756,414.427,439.458,23,10000,10000,10
/home/giacomo/projects/loggen/convert_same/data/test_gen_6_dataful.powerdecl,13.8874,9.9242,411.793,435.605,23,10000,10000,10
/home/giacomo/projects/loggen/convert_same/data/test_gen_6_dataful.powerdecl,13.6647,9.93812,411.74,435.343,23,10000,10000,10
/home/giacomo/projects/loggen/convert_same/data/test_gen_6_dataful.powerdecl,13.4285,9.87137,414.114,437.414,23,10000,10000,10
/home/giacomo/projects/loggen/convert_same/data/test_gen_6_dataful.powerdecl,13.5541,9.82078,411.824,435.199,23,10000,10000,10
/home/giacomo/projects/loggen/convert_same/data/test_gen_8_dataful.powerdecl,69.5604,9.08188,0.207067,78.8494,32,10000,10000,10
/home/giacomo/projects/loggen/convert_same/data/test_gen_8_dataful.powerdecl,69.4321,9.07457,0.235092,78.7418,32,10000,10000,10
/home/giacomo/projects/loggen/convert_same/data/test_gen_8_dataful.powerdecl,68.283,9.13216,0.131696,77.5469,32,10000,10000,10
/home/giacomo/projects/loggen/convert_same/data/test_gen_8_dataful.powerdecl,69.0059,9.15058,0.184163,78.3406,32,10000,10000,10
/home/giacomo/projects/loggen/convert_same/data/test_gen_8_dataful.powerdecl,69.066,9.19341,0.166619,78.426,32,10000,10000,10
/home/giacomo/projects/loggen/convert_same/data/test_gen_10_dataful.powerdecl,237.329,23.3003,13907.8,14168.4,35,10000,10000,10
/home/giacomo/projects/loggen/convert_same/data/test_gen_10_dataful.powerdecl,235.414,24.0576,13953.8,14213.2,35,10000,10000,10
/home/giacomo/projects/loggen/convert_same/data/test_gen_10_dataful.powerdecl,236.277,23.4852,13822.8,14082.6,35,10000,10000,10
/home/giacomo/projects/loggen/convert_same/data/test_gen_10_dataful.powerdecl,236.202,23.4221,13638.2,13897.9,35,10000,10000,10
/home/giacomo/projects/loggen/convert_same/data/test_gen_10_dataful.powerdecl,239.186,23.9744,14263,14526.2,35,10000,10000,10
/home/giacomo/projects/loggen/convert_same/data/test_gen_2_dataful.powerdecl,0.736284,1.13874,340.275,342.15,19,10,10,100
/home/giacomo/projects/loggen/convert_same/data/test_gen_2_dataful.powerdecl,0.89098,1.05575,347.721,349.667,19,10,10,100
/home/giacomo/projects/loggen/convert_same/data/test_gen_2_dataful.powerdecl,0.773387,1.01565,335.209,336.998,19,10,10,100
/home/giacomo/projects/loggen/convert_same/data/test_gen_2_dataful.powerdecl,0.710353,1.03971,364.313,366.063,19,10,10,100
/home/giacomo/projects/loggen/convert_same/data/test_gen_2_dataful.powerdecl,0.742402,1.0099,357.065,358.817,19,10,10,100
/home/giacomo/projects/loggen/convert_same/data/test_gen_4_dataful.powerdecl,4.60905,1.80097,307.468,313.878,20,10,10,100
/home/giacomo/projects/loggen/convert_same/data/test_gen_4_dataful.powerdecl,4.90765,1.53204,304.634,311.074,20,10,10,100
/home/giacomo/projects/loggen/convert_same/data/test_gen_4_dataful.powerdecl,5.09152,1.63741,318.613,325.342,20,10,10,100
/home/giacomo/projects/loggen/convert_same/data/test_gen_4_dataful.powerdecl,5.46955,1.71053,331.017,338.197,20,10,10,100
/home/giacomo/projects/loggen/convert_same/data/test_gen_4_dataful.powerdecl,5.12186,1.72363,302.792,309.638,20,10,10,100
/home/giacomo/projects/loggen/convert_same/data/test_gen_6_dataful.powerdecl,14.7737,1.79373,326.144,342.711,23,10,10,100
/home/giacomo/projects/loggen/convert_same/data/test_gen_6_dataful.powerdecl,15.6093,1.70228,325.955,343.266,23,10,10,100
/home/giacomo/projects/loggen/convert_same/data/test_gen_6_dataful.powerdecl,14.2718,1.81653,328.238,344.326,23,10,10,100
/home/giacomo/projects/loggen/convert_same/data/test_gen_6_dataful.powerdecl,14.2124,1.72727,316.566,332.505,23,10,10,100
/home/giacomo/projects/loggen/convert_same/data/test_gen_6_dataful.powerdecl,13.9977,1.75468,317.091,332.844,23,10,10,100
/home/giacomo/projects/loggen/convert_same/data/test_gen_8_dataful.powerdecl,70.8567,2.55296,205.265,278.675,32,10,10,100
/home/giacomo/projects/loggen/convert_same/data/test_gen_8_dataful.powerdecl,69.6401,2.5131,201.831,273.984,32,10,10,100
/home/giacomo/projects/loggen/convert_same/data/test_gen_8_dataful.powerdecl,69.4911,2.51496,203.687,275.693,32,10,10,100
/home/giacomo/projects/loggen/convert_same/data/test_gen_8_dataful.powerdecl,70.8921,2.60546,203.263,276.761,32,10,10,100
/home/giacomo/projects/loggen/convert_same/data/test_gen_8_dataful.powerdecl,72.8036,2.63379,204.072,279.51,32,10,10,100
/home/giacomo/projects/loggen/convert_same/data/test_gen_10_dataful.powerdecl,250.576,10.3599,288.337,549.273,35,10,10,100
/home/giacomo/projects/loggen/convert_same/data/test_gen_10_dataful.powerdecl,248.491,10.4003,246.382,505.273,35,10,10,100
/home/giacomo/projects/loggen/convert_same/data/test_gen_10_dataful.powerdecl,240.948,10.3456,246.083,497.376,35,10,10,100
/home/giacomo/projects/loggen/convert_same/data/test_gen_10_dataful.powerdecl,248.398,10.2087,250.599,509.206,35,10,10,100
/home/giacomo/projects/loggen/convert_same/data/test_gen_10_dataful.powerdecl,246.532,10.3297,246.383,503.244,35,10,10,100
/home/giacomo/projects/loggen/convert_same/data/test_gen_2_dataful.powerdecl,0.651248,1.14775,3678.41,3680.21,19,100,100,100
/home/giacomo/projects/loggen/convert_same/data/test_gen_2_dataful.powerdecl,0.72405,1.25303,3620.84,3622.82,19,100,100,100
/home/giacomo/projects/loggen/convert_same/data/test_gen_2_dataful.powerdecl,0.667003,1.19615,3618.17,3620.03,19,100,100,100
/home/giacomo/projects/loggen/convert_same/data/test_gen_2_dataful.powerdecl,0.645724,1.19285,3675.51,3677.35,19,100,100,100
/home/giacomo/projects/loggen/convert_same/data/test_gen_2_dataful.powerdecl,0.645734,1.16435,3598.32,3600.13,19,100,100,100
/home/giacomo/projects/loggen/convert_same/data/test_gen_4_dataful.powerdecl,4.57576,1.84145,2499.25,2505.66,20,100,100,100
/home/giacomo/projects/loggen/convert_same/data/test_gen_4_dataful.powerdecl,4.49265,1.81524,2538.15,2544.46,20,100,100,100
/home/giacomo/projects/loggen/convert_same/data/test_gen_4_dataful.powerdecl,4.6911,1.89549,2538.94,2545.53,20,100,100,100
/home/giacomo/projects/loggen/convert_same/data/test_gen_4_dataful.powerdecl,4.60438,1.84184,2531.52,2537.96,20,100,100,100
/home/giacomo/projects/loggen/convert_same/data/test_gen_4_dataful.powerdecl,4.59255,1.89936,2586.34,2592.83,20,100,100,100
/home/giacomo/projects/loggen/convert_same/data/test_gen_6_dataful.powerdecl,13.4069,2.09976,2420.88,2436.39,23,100,100,100
/home/giacomo/projects/loggen/convert_same/data/test_gen_6_dataful.powerdecl,14.2109,2.1752,2574.21,2590.59,23,100,100,100
/home/giacomo/projects/loggen/convert_same/data/test_gen_6_dataful.powerdecl,14.7602,2.21166,2457.91,2474.88,23,100,100,100
/home/giacomo/projects/loggen/convert_same/data/test_gen_6_dataful.powerdecl,14.5566,2.28668,2419.03,2435.87,23,100,100,100
/home/giacomo/projects/loggen/convert_same/data/test_gen_6_dataful.powerdecl,13.5771,2.11252,2410.39,2426.08,23,100,100,100
/home/giacomo/projects/loggen/convert_same/data/test_gen_8_dataful.powerdecl,69.3566,3.19942,1741.17,1813.72,32,100,100,100
/home/giacomo/projects/loggen/convert_same/data/test_gen_8_dataful.powerdecl,68.1192,2.77271,1773.04,1843.93,32,100,100,100
/home/giacomo/projects/loggen/convert_same/data/test_gen_8_dataful.powerdecl,69.9746,2.76834,1746.28,1819.02,32,100,100,100
/home/giacomo/projects/loggen/convert_same/data/test_gen_8_dataful.powerdecl,70.0039,2.76012,1766.36,1839.12,32,100,100,100
/home/giacomo/projects/loggen/convert_same/data/test_gen_8_dataful.powerdecl,70.5944,2.74863,1736.1,1809.44,32,100,100,100
/home/giacomo/projects/loggen/convert_same/data/test_gen_10_dataful.powerdecl,237.709,11.7601,2172.43,2421.9,35,100,100,100
/home/giacomo/projects/loggen/convert_same/data/test_gen_10_dataful.powerdecl,238.709,11.1914,2195.86,2445.76,35,100,100,100
/home/giacomo/projects/loggen/convert_same/data/test_gen_10_dataful.powerdecl,234.726,11.4286,2187.21,2433.36,35,100,100,100
/home/giacomo/projects/loggen/convert_same/data/test_gen_10_dataful.powerdecl,239.944,11.473,2201.14,2452.56,35,100,100,100
/home/giacomo/projects/loggen/convert_same/data/test_gen_10_dataful.powerdecl,233.051,10.949,2161.87,2405.87,35,100,100,100
/home/giacomo/projects/loggen/convert_same/data/test_gen_2_dataful.powerdecl,0.636306,3.1152,35789.3,35793,19,1000,1000,100
/home/giacomo/projects/loggen/convert_same/data/test_gen_2_dataful.powerdecl,0.688864,3.31989,35825.2,35829.2,19,1000,1000,100
/home/giacomo/projects/loggen/convert_same/data/test_gen_2_dataful.powerdecl,0.679127,3.26029,35617.8,35621.7,19,1000,1000,100
/home/giacomo/projects/loggen/convert_same/data/test_gen_2_dataful.powerdecl,0.647598,3.12892,35402.4,35406.2,19,1000,1000,100
/home/giacomo/projects/loggen/convert_same/data/test_gen_2_dataful.powerdecl,0.632165,3.07779,36065.1,36068.8,19,1000,1000,100
/home/giacomo/projects/loggen/convert_same/data/test_gen_4_dataful.powerdecl,4.50343,5.36066,24250,24259.9,20,1000,1000,100
/home/giacomo/projects/loggen/convert_same/data/test_gen_4_dataful.powerdecl,4.72576,5.45919,24490.3,24500.5,20,1000,1000,100
/home/giacomo/projects/loggen/convert_same/data/test_gen_4_dataful.powerdecl,4.52897,5.37608,24924.1,24934,20,1000,1000,100
/home/giacomo/projects/loggen/convert_same/data/test_gen_4_dataful.powerdecl,4.48955,5.27906,24004.4,24014.2,20,1000,1000,100
/home/giacomo/projects/loggen/convert_same/data/test_gen_4_dataful.powerdecl,4.46033,5.24124,24253.5,24263.2,20,1000,1000,100
/home/giacomo/projects/loggen/convert_same/data/test_gen_6_dataful.powerdecl,14.069,5.52299,23642.2,23661.8,23,1000,1000,100
/home/giacomo/projects/loggen/convert_same/data/test_gen_6_dataful.powerdecl,13.8376,5.62809,23114.3,23133.8,23,1000,1000,100
/home/giacomo/projects/loggen/convert_same/data/test_gen_6_dataful.powerdecl,13.4517,5.74197,22974.3,22993.5,23,1000,1000,100
/home/giacomo/projects/loggen/convert_same/data/test_gen_6_dataful.powerdecl,13.5211,5.60249,23456.6,23475.8,23,1000,1000,100
/home/giacomo/projects/loggen/convert_same/data/test_gen_6_dataful.powerdecl,14.1751,5.77103,23373.4,23393.3,23,1000,1000,100
/home/giacomo/projects/loggen/convert_same/data/test_gen_8_dataful.powerdecl,68.4531,4.62231,17214,17287,32,1000,1000,100
/home/giacomo/projects/loggen/convert_same/data/test_gen_8_dataful.powerdecl,67.0902,4.61137,16990.8,17062.5,32,1000,1000,100
/home/giacomo/projects/loggen/convert_same/data/test_gen_8_dataful.powerdecl,69.6173,4.6969,17248.8,17323.1,32,1000,1000,100
/home/giacomo/projects/loggen/convert_same/data/test_gen_8_dataful.powerdecl,71.206,4.66935,16654.6,16730.5,32,1000,1000,100
/home/giacomo/projects/loggen/convert_same/data/test_gen_8_dataful.powerdecl,67.2943,4.58963,17181.9,17253.8,32,1000,1000,100
/home/giacomo/projects/loggen/convert_same/data/test_gen_10_dataful.powerdecl,233.509,18.9406,21140.5,21393,35,1000,1000,100
/home/giacomo/projects/loggen/convert_same/data/test_gen_10_dataful.powerdecl,233.038,18.6363,21147.2,21398.8,35,1000,1000,100
/home/giacomo/projects/loggen/convert_same/data/test_gen_10_dataful.powerdecl,237.571,19.2966,21694,21950.9,35,1000,1000,100
/home/giacomo/projects/loggen/convert_same/data/test_gen_10_dataful.powerdecl,227.3,18.5816,21272.7,21518.5,35,1000,1000,100
/home/giacomo/projects/loggen/convert_same/data/test_gen_10_dataful.powerdecl,234.22,19.1767,21804.6,22058,35,1000,1000,100
/home/giacomo/projects/loggen/convert_same/data/test_gen_2_dataful.powerdecl,0.644352,33.075,352900,352933,19,10000,10000,100
/home/giacomo/projects/loggen/convert_same/data/test_gen_2_dataful.powerdecl,0.650937,32.0098,352707,352740,19,10000,10000,100
/home/giacomo/projects/loggen/convert_same/data/test_gen_2_dataful.powerdecl,0.685957,32.1677,350173,350206,19,10000,10000,100
/home/giacomo/projects/loggen/convert_same/data/test_gen_2_dataful.powerdecl,0.649737,32.2171,346613,346646,19,10000,10000,100
/home/giacomo/projects/loggen/convert_same/data/test_gen_2_dataful.powerdecl,0.642726,32.1579,352440,352473,19,10000,10000,100
/home/giacomo/projects/loggen/convert_same/data/test_gen_4_dataful.powerdecl,4.56237,44.8081,237894,237944,20,10000,10000,100
/home/giacomo/projects/loggen/convert_same/data/test_gen_4_dataful.powerdecl,4.5287,44.6524,238728,238778,20,10000,10000,100
/home/giacomo/projects/loggen/convert_same/data/test_gen_4_dataful.powerdecl,4.52138,44.9966,242097,242146,20,10000,10000,100
/home/giacomo/projects/loggen/convert_same/data/test_gen_4_dataful.powerdecl,4.57696,44.89,240600,240649,20,10000,10000,100
/home/giacomo/projects/loggen/convert_same/data/test_gen_4_dataful.powerdecl,4.77568,44.2827,244478,244527,20,10000,10000,100
/home/giacomo/projects/loggen/convert_same/data/test_gen_6_dataful.powerdecl,13.0729,41.7733,223750,223805,23,10000,10000,100
/home/giacomo/projects/loggen/convert_same/data/test_gen_6_dataful.powerdecl,13.2913,41.142,224289,224343,23,10000,10000,100
/home/giacomo/projects/loggen/convert_same/data/test_gen_6_dataful.powerdecl,13.4565,41.0001,224534,224589,23,10000,10000,100
/home/giacomo/projects/loggen/convert_same/data/test_gen_6_dataful.powerdecl,13.5218,41.261,227379,227433,23,10000,10000,100
/home/giacomo/projects/loggen/convert_same/data/test_gen_6_dataful.powerdecl,13.064,40.8301,225151,225204,23,10000,10000,100
/home/giacomo/projects/loggen/convert_same/data/test_gen_8_dataful.powerdecl,65.8628,22.8244,163457,163545,32,10000,10000,100
/home/giacomo/projects/loggen/convert_same/data/test_gen_8_dataful.powerdecl,65.884,22.8701,165137,165226,32,10000,10000,100
/home/giacomo/projects/loggen/convert_same/data/test_gen_8_dataful.powerdecl,65.4761,22.6744,166101,166189,32,10000,10000,100
/home/giacomo/projects/loggen/convert_same/data/test_gen_8_dataful.powerdecl,67.0576,23.4431,168950,169041,32,10000,10000,100
/home/giacomo/projects/loggen/convert_same/data/test_gen_8_dataful.powerdecl,65.8006,22.7548,168189,168277,32,10000,10000,100
/home/giacomo/projects/loggen/convert_same/data/test_gen_10_dataful.powerdecl,259.832,97.7198,209543,209901,35,10000,10000,100
/home/giacomo/projects/loggen/convert_same/data/test_gen_10_dataful.powerdecl,233.636,96.0765,210752,211082,35,10000,10000,100
/home/giacomo/projects/loggen/convert_same/data/test_gen_10_dataful.powerdecl,226.235,94.8254,211458,211779,35,10000,10000,100
/home/giacomo/projects/loggen/convert_same/data/test_gen_10_dataful.powerdecl,275.583,104.212,208079,208459,35,10000,10000,100
/home/giacomo/projects/loggen/convert_same/data/test_gen_10_dataful.powerdecl,232.231,97.4621,210069,210398,35,10000,10000,100
/home/giacomo/projects/loggen/convert_same/data/test_gen_2_dataful.powerdecl,0.643682,2.72257,3909.34,3912.71,19,10,10,1000
/home/giacomo/projects/loggen/convert_same/data/test_gen_2_dataful.powerdecl,0.663479,2.80703,3112.43,3115.9,19,10,10,1000
/home/giacomo/projects/loggen/convert_same/data/test_gen_2_dataful.powerdecl,0.658142,2.66317,3174.21,3177.53,19,10,10,1000
/home/giacomo/projects/loggen/convert_same/data/test_gen_2_dataful.powerdecl,0.65618,2.71509,3129.57,3132.94,19,10,10,1000
/home/giacomo/projects/loggen/convert_same/data/test_gen_2_dataful.powerdecl,0.654984,2.70219,3147.69,3151.05,19,10,10,1000
/home/giacomo/projects/loggen/convert_same/data/test_gen_4_dataful.powerdecl,4.82744,5.92085,3783.76,3794.51,20,10,10,1000
/home/giacomo/projects/loggen/convert_same/data/test_gen_4_dataful.powerdecl,4.5034,6.08757,3421.73,3432.32,20,10,10,1000
/home/giacomo/projects/loggen/convert_same/data/test_gen_4_dataful.powerdecl,4.57857,6.16532,3367.37,3378.11,20,10,10,1000
/home/giacomo/projects/loggen/convert_same/data/test_gen_4_dataful.powerdecl,4.50794,6.06759,3408.02,3418.59,20,10,10,1000
/home/giacomo/projects/loggen/convert_same/data/test_gen_4_dataful.powerdecl,4.4443,6.06117,3437.14,3447.65,20,10,10,1000
/home/giacomo/projects/loggen/convert_same/data/test_gen_6_dataful.powerdecl,13.4316,3.35408,3316.23,3333.01,23,10,10,1000
/home/giacomo/projects/loggen/convert_same/data/test_gen_6_dataful.powerdecl,13.3537,3.51663,2942.4,2959.27,23,10,10,1000
/home/giacomo/projects/loggen/convert_same/data/test_gen_6_dataful.powerdecl,14.2066,3.51465,2930.45,2948.17,23,10,10,1000
/home/giacomo/projects/loggen/convert_same/data/test_gen_6_dataful.powerdecl,13.6531,3.56659,2939.77,2956.98,23,10,10,1000
/home/giacomo/projects/loggen/convert_same/data/test_gen_6_dataful.powerdecl,13.4424,3.33073,2941.75,2958.52,23,10,10,1000
/home/giacomo/projects/loggen/convert_same/data/test_gen_8_dataful.powerdecl,65.4844,4.59865,2676.68,2746.76,32,10,10,1000
/home/giacomo/projects/loggen/convert_same/data/test_gen_8_dataful.powerdecl,69.0023,4.64452,2374.1,2447.75,32,10,10,1000
/home/giacomo/projects/loggen/convert_same/data/test_gen_8_dataful.powerdecl,66.9454,4.60748,2337.8,2409.35,32,10,10,1000
/home/giacomo/projects/loggen/convert_same/data/test_gen_8_dataful.powerdecl,66.1705,4.63561,2346.54,2417.35,32,10,10,1000
/home/giacomo/projects/loggen/convert_same/data/test_gen_8_dataful.powerdecl,66.7753,4.71562,2405.57,2477.06,32,10,10,1000
/home/giacomo/projects/loggen/convert_same/data/test_gen_10_dataful.powerdecl,229.559,22.4912,3618.22,3870.27,35,10,10,1000
/home/giacomo/projects/loggen/convert_same/data/test_gen_10_dataful.powerdecl,232.668,23.0941,3314.31,3570.07,35,10,10,1000
/home/giacomo/projects/loggen/convert_same/data/test_gen_10_dataful.powerdecl,227.715,22.3526,3226.18,3476.25,35,10,10,1000
/home/giacomo/projects/loggen/convert_same/data/test_gen_10_dataful.powerdecl,231.164,23.267,3325.15,3579.59,35,10,10,1000
/home/giacomo/projects/loggen/convert_same/data/test_gen_10_dataful.powerdecl,234.847,23.8669,3297.3,3556.02,35,10,10,1000
/home/giacomo/projects/loggen/convert_same/data/test_gen_2_dataful.powerdecl,0.712806,3.15289,34016.3,34020.1,19,100,100,1000
/home/giacomo/projects/loggen/convert_same/data/test_gen_2_dataful.powerdecl,1.15308,3.20777,33437.9,33442.3,19,100,100,1000
/home/giacomo/projects/loggen/convert_same/data/test_gen_2_dataful.powerdecl,0.642877,3.26654,33668.7,33672.6,19,100,100,1000
/home/giacomo/projects/loggen/convert_same/data/test_gen_2_dataful.powerdecl,0.661032,3.29094,32482.7,32486.7,19,100,100,1000
/home/giacomo/projects/loggen/convert_same/data/test_gen_2_dataful.powerdecl,0.652611,3.47919,33130.8,33134.9,19,100,100,1000
/home/giacomo/projects/loggen/convert_same/data/test_gen_4_dataful.powerdecl,4.49388,7.81194,30868.5,30880.8,20,100,100,1000
/home/giacomo/projects/loggen/convert_same/data/test_gen_4_dataful.powerdecl,4.47874,7.76023,30265.7,30277.9,20,100,100,1000
/home/giacomo/projects/loggen/convert_same/data/test_gen_4_dataful.powerdecl,5.0616,7.6646,30781,30793.7,20,100,100,1000
/home/giacomo/projects/loggen/convert_same/data/test_gen_4_dataful.powerdecl,4.5647,7.8401,30283.3,30295.7,20,100,100,1000
/home/giacomo/projects/loggen/convert_same/data/test_gen_4_dataful.powerdecl,4.55242,7.77098,30298.6,30310.9,20,100,100,1000
/home/giacomo/projects/loggen/convert_same/data/test_gen_6_dataful.powerdecl,13.6012,4.02935,24795.1,24812.7,23,100,100,1000
/home/giacomo/projects/loggen/convert_same/data/test_gen_6_dataful.powerdecl,13.6786,4.24464,24521.5,24539.4,23,100,100,1000
/home/giacomo/projects/loggen/convert_same/data/test_gen_6_dataful.powerdecl,13.2275,4.03116,25157.6,25174.9,23,100,100,1000
/home/giacomo/projects/loggen/convert_same/data/test_gen_6_dataful.powerdecl,13.3573,3.95763,24376.7,24394,23,100,100,1000
/home/giacomo/projects/loggen/convert_same/data/test_gen_6_dataful.powerdecl,13.3258,4.01442,25336.3,25353.7,23,100,100,1000
/home/giacomo/projects/loggen/convert_same/data/test_gen_8_dataful.powerdecl,66.9656,5.45541,20857,20929.4,32,100,100,1000
/home/giacomo/projects/loggen/convert_same/data/test_gen_8_dataful.powerdecl,65.4425,5.4156,20510.1,20581,32,100,100,1000
/home/giacomo/projects/loggen/convert_same/data/test_gen_8_dataful.powerdecl,68.5034,5.57281,20431.1,20505.2,32,100,100,1000
/home/giacomo/projects/loggen/convert_same/data/test_gen_8_dataful.powerdecl,66.6867,5.45875,20343.6,20415.7,32,100,100,1000
/home/giacomo/projects/loggen/convert_same/data/test_gen_8_dataful.powerdecl,66.621,5.33793,20466.5,20538.5,32,100,100,1000
/home/giacomo/projects/loggen/convert_same/data/test_gen_10_dataful.powerdecl,232.134,15.1854,27014.7,27262.1,35,100,100,1000
/home/giacomo/projects/loggen/convert_same/data/test_gen_10_dataful.powerdecl,233.215,14.9518,26968.9,27217.1,35,100,100,1000
/home/giacomo/projects/loggen/convert_same/data/test_gen_10_dataful.powerdecl,230.743,14.9207,26748.1,26993.7,35,100,100,1000
/home/giacomo/projects/loggen/convert_same/data/test_gen_10_dataful.powerdecl,231.687,14.9104,26843.9,27090.5,35,100,100,1000
/home/giacomo/projects/loggen/convert_same/data/test_gen_10_dataful.powerdecl,232.632,15.0187,26838.3,27086,35,100,100,1000
/home/giacomo/projects/loggen/convert_same/data/test_gen_2_dataful.powerdecl,0.647509,6.98006,330753,330760,19,1000,1000,1000
/home/giacomo/projects/loggen/convert_same/data/test_gen_2_dataful.powerdecl,0.798431,6.86561,332027,332034,19,1000,1000,1000
/home/giacomo/projects/loggen/convert_same/data/test_gen_2_dataful.powerdecl,0.634115,6.64166,336189,336196,19,1000,1000,1000
/home/giacomo/projects/loggen/convert_same/data/test_gen_2_dataful.powerdecl,0.706429,6.74142,333464,333472,19,1000,1000,1000
/home/giacomo/projects/loggen/convert_same/data/test_gen_2_dataful.powerdecl,0.70304,7.0817,337195,337203,19,1000,1000,1000
/home/giacomo/projects/loggen/convert_same/data/test_gen_4_dataful.powerdecl,4.4911,23.1795,297506,297534,20,1000,1000,1000
/home/giacomo/projects/loggen/convert_same/data/test_gen_4_dataful.powerdecl,4.49205,23.4779,294200,294228,20,1000,1000,1000
/home/giacomo/projects/loggen/convert_same/data/test_gen_4_dataful.powerdecl,4.58341,23.3876,297433,297461,20,1000,1000,1000
/home/giacomo/projects/loggen/convert_same/data/test_gen_4_dataful.powerdecl,4.53598,24.6857,295991,296020,20,1000,1000,1000
/home/giacomo/projects/loggen/convert_same/data/test_gen_4_dataful.powerdecl,4.58702,23.1572,300815,300842,20,1000,1000,1000
/home/giacomo/projects/loggen/convert_same/data/test_gen_6_dataful.powerdecl,13.6452,10.0103,245213,245237,23,1000,1000,1000
/home/giacomo/projects/loggen/convert_same/data/test_gen_6_dataful.powerdecl,13.1172,9.92017,241422,241445,23,1000,1000,1000
/home/giacomo/projects/loggen/convert_same/data/test_gen_6_dataful.powerdecl,13.3052,9.9108,239328,239351,23,1000,1000,1000
/home/giacomo/projects/loggen/convert_same/data/test_gen_6_dataful.powerdecl,13.3871,10.0039,239261,239285,23,1000,1000,1000
/home/giacomo/projects/loggen/convert_same/data/test_gen_6_dataful.powerdecl,13.3118,10.0605,240456,240480,23,1000,1000,1000
/home/giacomo/projects/loggen/convert_same/data/test_gen_8_dataful.powerdecl,66.6748,12.0765,205193,205271,32,1000,1000,1000
/home/giacomo/projects/loggen/convert_same/data/test_gen_8_dataful.powerdecl,65.7318,11.7829,202963,203040,32,1000,1000,1000
/home/giacomo/projects/loggen/convert_same/data/test_gen_8_dataful.powerdecl,66.2571,12.2244,203612,203691,32,1000,1000,1000
/home/giacomo/projects/loggen/convert_same/data/test_gen_8_dataful.powerdecl,66.0481,11.9628,202971,203049,32,1000,1000,1000
/home/giacomo/projects/loggen/convert_same/data/test_gen_8_dataful.powerdecl,66.432,12.0556,203534,203612,32,1000,1000,1000
/home/giacomo/projects/loggen/convert_same/data/test_gen_10_dataful.powerdecl,229.62,29.6883,255876,256135,35,1000,1000,1000
/home/giacomo/projects/loggen/convert_same/data/test_gen_10_dataful.powerdecl,229.659,29.4923,255917,256176,35,1000,1000,1000
/home/giacomo/projects/loggen/convert_same/data/test_gen_10_dataful.powerdecl,234.471,30.4779,254090,254355,35,1000,1000,1000
/home/giacomo/projects/loggen/convert_same/data/test_gen_10_dataful.powerdecl,233.565,30.4398,258546,258810,35,1000,1000,1000
/home/giacomo/projects/loggen/convert_same/data/test_gen_10_dataful.powerdecl,234.596,30.665,257738,258003,35,1000,1000,1000
/home/giacomo/projects/loggen/convert_same/data/test_gen_2_dataful.powerdecl,0.707071,43.2597,3.29973e+06,3.29978e+06,19,10000,10000,1000
/home/giacomo/projects/loggen/convert_same/data/test_gen_2_dataful.powerdecl,1.06668,22.9823,27660,27684.1,19,10,10,10000
/home/giacomo/projects/loggen/convert_same/data/test_gen_2_dataful.powerdecl,0.779393,23.5313,27148.2,27172.5,19,10,10,10000
/home/giacomo/projects/loggen/convert_same/data/test_gen_2_dataful.powerdecl,0.696963,23.3523,27140.7,27164.8,19,10,10,10000
/home/giacomo/projects/loggen/convert_same/data/test_gen_2_dataful.powerdecl,0.72811,22.9061,26391.9,26415.5,19,10,10,10000
/home/giacomo/projects/loggen/convert_same/data/test_gen_2_dataful.powerdecl,0.707422,22.5356,26499.1,26522.3,19,10,10,10000
/home/giacomo/projects/loggen/convert_same/data/test_gen_4_dataful.powerdecl,4.6414,24.0771,28010.9,28039.6,20,10,10,10000
/home/giacomo/projects/loggen/convert_same/data/test_gen_4_dataful.powerdecl,4.70099,24.4213,27348.3,27377.4,20,10,10,10000
/home/giacomo/projects/loggen/convert_same/data/test_gen_4_dataful.powerdecl,4.53916,23.8328,27591.6,27620,20,10,10,10000
/home/giacomo/projects/loggen/convert_same/data/test_gen_4_dataful.powerdecl,4.63333,24.053,26801.6,26830.3,20,10,10,10000
/home/giacomo/projects/loggen/convert_same/data/test_gen_4_dataful.powerdecl,4.57651,24.1282,26700.1,26728.8,20,10,10,10000
/home/giacomo/projects/loggen/convert_same/data/test_gen_6_dataful.powerdecl,13.2264,23.3113,25333.3,25369.8,23,10,10,10000
/home/giacomo/projects/loggen/convert_same/data/test_gen_6_dataful.powerdecl,13.423,23.2881,24903.1,24939.8,23,10,10,10000
/home/giacomo/projects/loggen/convert_same/data/test_gen_6_dataful.powerdecl,13.2955,23.3489,25025.6,25062.3,23,10,10,10000
/home/giacomo/projects/loggen/convert_same/data/test_gen_6_dataful.powerdecl,13.2769,23.4876,25232.6,25269.3,23,10,10,10000
/home/giacomo/projects/loggen/convert_same/data/test_gen_6_dataful.powerdecl,13.3907,23.5181,25146.1,25183,23,10,10,10000
/home/giacomo/projects/loggen/convert_same/data/test_gen_8_dataful.powerdecl,64.9671,23.1828,19370.3,19458.5,32,10,10,10000
/home/giacomo/projects/loggen/convert_same/data/test_gen_8_dataful.powerdecl,65.6701,23.4593,20057.2,20146.3,32,10,10,10000
/home/giacomo/projects/loggen/convert_same/data/test_gen_8_dataful.powerdecl,66.9187,23.4576,20079.9,20170.3,32,10,10,10000
/home/giacomo/projects/loggen/convert_same/data/test_gen_8_dataful.powerdecl,66.0819,23.4538,20156.8,20246.3,32,10,10,10000
/home/giacomo/projects/loggen/convert_same/data/test_gen_8_dataful.powerdecl,66.5813,23.4624,19740.3,19830.4,32,10,10,10000
/home/giacomo/projects/loggen/convert_same/data/test_gen_10_dataful.powerdecl,228.753,44.7953,27543.9,27817.5,35,10,10,10000
/home/giacomo/projects/loggen/convert_same/data/test_gen_10_dataful.powerdecl,221.147,45.1047,26877.5,27143.7,35,10,10,10000
/home/giacomo/projects/loggen/convert_same/data/test_gen_10_dataful.powerdecl,225.83,44.9144,27405.4,27676.2,35,10,10,10000
/home/giacomo/projects/loggen/convert_same/data/test_gen_10_dataful.powerdecl,228.557,44.6581,27345.6,27618.9,35,10,10,10000
/home/giacomo/projects/loggen/convert_same/data/test_gen_10_dataful.powerdecl,227.269,44.6921,27304.2,27576.2,35,10,10,10000
/home/giacomo/projects/loggen/convert_same/data/test_gen_2_dataful.powerdecl,0.682835,23.1763,262969,262993,19,100,100,10000
/home/giacomo/projects/loggen/convert_same/data/test_gen_2_dataful.powerdecl,0.636913,22.8305,263185,263209,19,100,100,10000
/home/giacomo/projects/loggen/convert_same/data/test_gen_2_dataful.powerdecl,0.6726,22.9626,257801,257825,19,100,100,10000
/home/giacomo/projects/loggen/convert_same/data/test_gen_2_dataful.powerdecl,0.641546,23.195,258895,258919,19,100,100,10000
/home/giacomo/projects/loggen/convert_same/data/test_gen_2_dataful.powerdecl,0.637557,23.0627,259794,259818,19,100,100,10000
/home/giacomo/projects/loggen/convert_same/data/test_gen_4_dataful.powerdecl,4.45599,26.3959,242812,242843,20,100,100,10000
/home/giacomo/projects/loggen/convert_same/data/test_gen_4_dataful.powerdecl,4.4673,26.3175,239333,239363,20,100,100,10000
/home/giacomo/projects/loggen/convert_same/data/test_gen_4_dataful.powerdecl,4.43884,26.3574,243321,243352,20,100,100,10000
/home/giacomo/projects/loggen/convert_same/data/test_gen_4_dataful.powerdecl,4.55766,26.4682,238089,238120,20,100,100,10000
/home/giacomo/projects/loggen/convert_same/data/test_gen_4_dataful.powerdecl,4.59523,26.5367,244287,244318,20,100,100,10000
/home/giacomo/projects/loggen/convert_same/data/test_gen_6_dataful.powerdecl,13.5427,24.9561,208025,208064,23,100,100,10000
/home/giacomo/projects/loggen/convert_same/data/test_gen_6_dataful.powerdecl,13.5177,24.8948,207945,207983,23,100,100,10000
/home/giacomo/projects/loggen/convert_same/data/test_gen_6_dataful.powerdecl,13.5744,25.1818,210164,210203,23,100,100,10000
/home/giacomo/projects/loggen/convert_same/data/test_gen_6_dataful.powerdecl,13.4767,25.0585,209825,209864,23,100,100,10000
/home/giacomo/projects/loggen/convert_same/data/test_gen_6_dataful.powerdecl,13.4361,24.824,209853,209891,23,100,100,10000
/home/giacomo/projects/loggen/convert_same/data/test_gen_8_dataful.powerdecl,65.2358,25.3183,161297,161388,32,100,100,10000
/home/giacomo/projects/loggen/convert_same/data/test_gen_8_dataful.powerdecl,67.5312,25.3488,158011,158104,32,100,100,10000
/home/giacomo/projects/loggen/convert_same/data/test_gen_8_dataful.powerdecl,65.3899,25.2975,158527,158617,32,100,100,10000
/home/giacomo/projects/loggen/convert_same/data/test_gen_8_dataful.powerdecl,65.5368,25.3592,159436,159527,32,100,100,10000
/home/giacomo/projects/loggen/convert_same/data/test_gen_8_dataful.powerdecl,65.3105,25.0455,160946,161036,32,100,100,10000
/home/giacomo/projects/loggen/convert_same/data/test_gen_10_dataful.powerdecl,225.274,49.2172,221984,222258,35,100,100,10000
/home/giacomo/projects/loggen/convert_same/data/test_gen_10_dataful.powerdecl,226.177,48.2731,220305,220580,35,100,100,10000
/home/giacomo/projects/loggen/convert_same/data/test_gen_10_dataful.powerdecl,226.693,48.1163,212525,212800,35,100,100,10000
/home/giacomo/projects/loggen/convert_same/data/test_gen_10_dataful.powerdecl,222.21,47.5467,211757,212027,35,100,100,10000
/home/giacomo/projects/loggen/convert_same/data/test_gen_10_dataful.powerdecl,225.442,49.0829,214841,215116,35,100,100,10000
/home/giacomo/projects/loggen/convert_same/data/test_gen_2_dataful.powerdecl,0.6805,26.7897,2.52719e+06,2.52722e+06,19,1000,1000,10000
/home/giacomo/projects/loggen/convert_same/data/test_gen_2_dataful.powerdecl,0.68102,26.5905,2.59449e+06,2.59452e+06,19,1000,1000,10000
home/giacomo/projects/loggen/convert_same/data/test_gen_4_dataful.powerdecl,4.4705,42.7705,846517,846564,20,1000,1000,10000
/home/giacomo/projects/loggen/convert_same/data/test_gen_4_dataful.powerdecl,4.60325,42.8718,782734,782781,20,1000,1000,10000
/home/giacomo/projects/loggen/convert_same/data/test_gen_6_dataful.powerdecl,13.3422,37.8415,663612,663663,23,1000,1000,10000
/home/giacomo/projects/loggen/convert_same/data/test_gen_6_dataful.powerdecl,13.2517,37.8412,665583,665634,23,1000,1000,10000
/home/giacomo/projects/loggen/convert_same/data/test_gen_6_dataful.powerdecl,13.3511,38.4423,663945,663997,23,1000,1000,10000
/home/giacomo/projects/loggen/convert_same/data/test_gen_6_dataful.powerdecl,13.4198,37.9321,668102,668154,23,1000,1000,10000
/home/giacomo/projects/loggen/convert_same/data/test_gen_6_dataful.powerdecl,13.2331,37.8829,719220,719271,23,1000,1000,10000
/home/giacomo/projects/loggen/convert_same/data/test_gen_8_dataful.powerdecl,66.0688,40.4203,533750,533856,32,1000,1000,10000
/home/giacomo/projects/loggen/convert_same/data/test_gen_8_dataful.powerdecl,65.898,39.8821,502223,502329,32,1000,1000,10000
/home/giacomo/projects/loggen/convert_same/data/test_gen_8_dataful.powerdecl,66.1449,40.191,526470,526576,32,1000,1000,10000
/home/giacomo/projects/loggen/convert_same/data/test_gen_8_dataful.powerdecl,65.9772,40.0205,503340,503446,32,1000,1000,10000
/home/giacomo/projects/loggen/convert_same/data/test_gen_8_dataful.powerdecl,66.3723,40.4636,548267,548374,32,1000,1000,10000
/home/giacomo/projects/loggen/convert_same/data/test_gen_10_dataful.powerdecl,318.981,114.556,2.77361e+06,2.77404e+06,35,1000,1000,10000
